name	rule	module	group	notes	gene_ids
Dissimilatory Sulfate Reduction	[K00394 & K00395] & [HMM@dsrA & HMM@dsrB]	Sulfur Cycling	Sulfide Production	Dissimilatory sulfate reduction to sulfide (H2S); key souring mechanism in oil & gas systems. Requires adenylysulfate reductase (aprAB; K00394, K00395) and dissimilatory sulfite reductase (dsrAB; HMM@dsrA, HMM@dsrB).	K00394, K00395, K11180 | dsrA, K11181 | dsrB
Thiosulfate Reduction (Respiratory)	at_least(2, PRESENCE, [K08352, K08353, K08354])	Sulfur Cycling	Sulfide Production	Respiratory thiosulfate reduction via the PhsABC thiosulfate reductase complex (phsA K08352, phsB K08353, phsC K08354). Requires at least 2 of 3 subunits to account for incomplete genome recovery in metagenomic data. Uses thiosulfate as terminal electron acceptor under anaerobic conditions. Found in Salmonella, Citrobacter, and diverse anaerobes.	K08352 | thiosulfate_reductase_phsA_alignment, K08353, K08354
Thiosulfate Reduction (Rhodanese)	K01011 | Rhodanese	Sulfur Cycling	Sulfide Production	Thiosulfate sulfurtransferase (rhodanese; K01011 rdl/glpE-type, K14180 mitochondrial-type) transfers sulfur from thiosulfate to cyanide or other acceptors, producing sulfite and thiocyanate. Also involved in sulfur relay and cyanide detoxification. Distinct from respiratory thiosulfate reduction — does not conserve energy via electron transport. Extremely widespread across bacteria and archaea so interpret cautiously; presence alone is not diagnostic of dedicated thiosulfate metabolism.	K01011 | Rhodanese
Sulfur Oxidation - SOX	[K17223 | K17222] & [K17226 | K17227] & K17224	Sulfur Cycling	Sulfur Oxidation	Oxidation of reduced sulfur compounds via the SOX multienzyme complex. SoxXA (K17223, K17222) initiate sulfur binding, SoxYZ (K17226, K17227) are the sulfur-carrying proteins, and SoxB (K17224) is the sulfate-releasing thiohydrolase. SoxCD (K17225, K22622) are optional and indicate complete oxidation to sulfate without intermediates.	K17222, K17223, K17224, K17226, K17227, K17225, K22622
Sulfur Oxidation - Reverse dsr	[K11180 | dsrA | K11181 | dsrB] & K27196	Sulfur Cycling	Sulfur Oxidation	Oxidation of stored sulfur globules via reverse-running DsrAB, distinguished from reductive DsrAB by co-occurrence with dsrL (K27196), an NADH-dependent oxidoreductase found exclusively in sulfur-oxidizing organisms. Both dsrA/dsrB (K11180/K11181) and dsrL (K27196) required. Found in Chlorobi, some Gammaproteobacteria, and Chromatiales.	K11180 | dsrA, K11181 | dsrB, K27196
Tetrathionate Reduction	at_least(2, PRESENCE, [K08359, K08358, K08357])	Sulfur Cycling	S Transformations	Tetrathionate reduction via the ttrABC system (ttrA K08359, ttrB K08358, ttrC K08357). At least 2 of 3 subunits required. Relevant as an alternative electron acceptor in anaerobic subsurface and industrial systems.	K08359, K08358, K08357
Sulfur Disproportionation	K00958 & [K00394 | K00395] & [K11180 | K11181]	Sulfur Cycling	S Transformations	Disproportionation of elemental sulfur or thiosulfate to sulfate and sulfide simultaneously. Requires ATP sulfurylase (K00958), adenylyl-sulfate reductase (K00394 or K00395), and sulfite reductase (K11180 or K11181).	K00958, K00394, K00395, K11180, K11181
Hydrogenotrophic Methanogenesis	HMM@McrA & [at_least(1, PRESENCE, [K14126, K14127, K14128]) | at_least(1, PRESENCE, [K00440, K00441, K00442, K00443]) | at_least(2, PRESENCE, [K14086, K14087, K14088, K14089, K14090, K14091])] & [at_least(4, PRESENCE, [K00200, K00201, K00202, K00203, K00204, K00205, K00319, K00320, K13942, K00672, K01499, K12260, K11261, K22516, K00125]) | at_least(2, PRESENCE, [K00577, K00578, K00579, K00580, K00581, K00582, K00583, K00584])]	Methane Production & Consumption	Methane Production	Methanogenesis from H2/CO2; dominant pathway in shale and anaerobic digesters. Requires McrA plus hydrogenotrophic pathway genes including F420-reducing hydrogenase subunits and methyl-CoM reductase components.	K00399, K00401, K00402, K03421, K03422, K00200, K00201, K00202, K00203, K00204, K00205, K00319, K00320, K14126, K14127, K14128, McrA
Acetoclastic Methanogenesis	HMM@McrA & at_least(1, PRESENCE, [K00193, K00194, K00197, K00198]) & [[K00925 & K00625] | K01895]	Methane Production & Consumption	Methane Production	Methanogenesis from acetate; requires McrA, ACS/CODH complex (K00193, K00194, K00197, K00198), and acetate activation via phosphotransacetylase-acetate kinase (K00925, K00625) or acetyl-CoA synthetase (K01895). Taxonomy filter recommended (Methanosarcina or Methanotrichaceae).	K00399, K00401, K00402, K00193, K00194, K00197, K00198, K00925, K00625, K01895, McrA
Methylotrophic Methanogenesis	HMM@McrA & at_least(1, PRESENCE, [K04480, K14083, K16176, K16178, K25220, K16954, K25600, K25916, K26847])	Methane Production & Consumption	Methane Production	Methanogenesis from methylated substrates (methanol, methylamines, DMSP); McrA plus methyltransferase homologs (K04480, K14083, K16176, K16178, K25220, K16954, K25600, K25916, K26847).	K00399, K00401, K00402, K04480, K14083, K16176, K16178, K25220, K16954, K25600, K25916, K26847, McrA
Anaerobic Methane Oxidation (ANME)	HMM@McrA & [tax(g__Methanocomedens_A) | tax(g__Methanocomedens_B) | tax(g__Methanogaster_A) | tax(g__Methanogaster_B) | tax(g__Methanoperedens_A) | tax(g__Methanoperedens) | tax(g__ANME-1-THS) | tax(g__ANME1a) | tax(g__G60ANME1) | tax(g__Methanophaga) | tax(g__Methanovorans) | tax(g__Methanomarinus) | tax(g__Methanoxibalbensis) | tax(g__Methanospirare)]	Methane Production & Consumption	Methane Oxidation	Anaerobic oxidation of methane by ANME archaea; requires McrA with mandatory taxonomic filter for ANME genera. Taxonomy is essential to distinguish ANME from methanogens which share McrA.	K00399, K00401, K00402, K03421, K03422,McrA
Aerobic Methane Oxidation	HMM@pmoa_actinobacteria_chloroflexota | HMM@pmoa_alpha_1 | HMM@pmoa_alpha_2 | HMM@pmoa_crenothrix | HMM@pmoa_gamma | HMM@pmoa_methyl_eth | HMM@pmoa_methylomirabilis | HMM@pmoa_verr	Methane Production & Consumption	Methane Oxidation	Aerobic oxidation of methane via particulate methane monooxygenase (pMMO); HMMs cover diverse methanotroph lineages including Alphaproteobacteria, Gammaproteobacteria, NC10, Verrucomicrobia, and Actinobacteria. Relevant in oxic zones of engineered systems receiving methane inputs.	K16157, K16158, K16159, K16160, K16161, K16162, K10944, K10945, K10946, HMM@pmoa_actinobacteria_chloroflexota, HMM@pmoa_alpha_1, HMM@pmoa_alpha_2, HMM@pmoa_crenothrix, HMM@pmoa_gamma, HMM@pmoa_methyl_eth, HMM@pmoa_methylomirabilis, HMM@pmoa_verr
Fermentative H2 (FeFe)	HMM@FeFe_groupA | HMM@FeFe_groupB | HMM@FeFe_groupC | HMM@FeFe_groupE | HMM@FeFe_groupF	Hydrogen Use	FeFe Hydrogenases	FeFe hydrogenases; primarily fermentative H2 production across all subgroups. Group A is the most common fermentative H2-producing hydrogenase; Group B is electron-bifurcating; Group C is putatively sensory; Groups E and F are found in anaerobic fungi and diverse anaerobes. All subgroups associated with anaerobic fermentative metabolism.	FeFe_groupA, FeFe_groupB, FeFe_groupC, FeFe_groupE, FeFe_groupF
H2 Metabolism - NiFe Group 1	HMM@NiFe_group1	Hydrogen Use	NiFe Hydrogenases	NiFe group 1 hydrogenases; membrane-bound, predominantly H2 uptake linked to respiratory electron transport chain. Most characterized members are H2-consuming; functional inference for uncharacterized members is based on phylogeny. Key for cathodic depolarization MIC and energy conservation in H2-rich systems including underground hydrogen storage.	NiFe_group1
H2 Metabolism - NiFe Group 2	HMM@NiFe_group2	Hydrogen Use	NiFe Hydrogenases	NiFe group 2 hydrogenases; putative sensory/regulatory function detecting environmental H2 concentrations and regulating expression of other hydrogenases. Do not contribute directly to energy conservation. Functional characterization is limited relative to other NiFe groups.	NiFe_group2
H2 Metabolism - NiFe Group 3	HMM@NiFe_group3	Hydrogen Use	NiFe Hydrogenases	Cytoplasmic bidirectional NiFe hydrogenases capable of both H2 production and consumption depending on prevailing redox conditions. Involved in NADH and ferredoxin redox balancing during fermentation and anaerobic metabolism. The bidirectional nature means functional direction cannot be inferred from gene presence alone and is condition-dependent.	NiFe_group3
H2 Metabolism - NiFe Group 4	HMM@NiFe_group4	Hydrogen Use	NiFe Hydrogenases	Membrane-bound energy-conserving NiFe hydrogenases primarily involved in H2 evolution, coupled to ion pumping for energy conservation under anaerobic conditions. Found in strict anaerobes, acetogens, and methanogens. Relevant in anaerobic digesters, shale systems, and underground hydrogen storage where H2 production by microbial communities affects system chemistry and storage integrity.	NiFe_group4
Ammonia Oxidation to Nitrite (Nitrification)	[K28504 | K10945 | K10946 | HMM@amoa_beta | HMM@amoa_gamma | HMM@amoa_crenarchaea] & K10535	Nitrogen Cycling	Nitrification+E27	Aerobic oxidation of ammonia to nitrite; first step of canonical two-step nitrification. Requires ammonia monooxygenase (amoA; K28504, K10945, K10946, or AmoA HMMs for beta/gammaproteobacterial and archaeal AOB) plus hydroxylamine oxidoreductase (hao; K10535). AmoA HMMs provide better phylogenetic resolution than K numbers alone. Excludes comammox Nitrospira which has a distinct AmoA lineage captured separately.	K28504, K10945, K10946, amoa_beta, amoa_gamma, amoa_crenarchaea, K10535
Nitrite Oxidation to Nitrate (Nitrification)	HMM@NXR	Nitrogen Cycling	Nitrification	Aerobic oxidation of nitrite to nitrate; second step of nitrification via nitrite oxidoreductase (NXR). HMM-based detection is more specific than K number alone due to paralog confusion between NXR and NarGH.	K00370, K00371
Anaerobic Ammonia Oxidation (Anammox)	[K00368 | K15864] & [K20932 & K20933 & K20934] & K20935	Nitrogen Cycling	Anammox	Anaerobic ammonium oxidation to dinitrogen gas. Requires nitrite reduction to NO (NirS K00368 or NirK K15864), hydrazine synthase complex (hzsA K20932, hzsB K20933, hzsC K20934 — all three required), and hydrazine dehydrogenase (hdh K20935). The HZS complex is essentially unique to anammox Planctomycetes making this a highly specific rule.	K00368, K15864, K20932, K20933, K20934, K20935
Complete Ammonia Oxidation (Comammox)	HMM@amoa_Nitrospira_beta & [K00370 | K00371] & K20935	Nitrogen Cycling	Comammox	Complete ammonia oxidation to nitrate by a single organism (comammox Nitrospira). Distinguished from canonical nitrification by the phylogenetically distinct comammox AmoA (HMM@amoa_Nitrospira_beta). Also requires nitrite oxidoreductase (nxr; K00370 or K00371) and hydrazine dehydrogenase (K20935) or equivalent. First predicted and confirmed in engineered systems including drinking water distribution systems, wastewater biofilters, and slow sand filters.	amoa_Nitrospira_beta, K00370, K00371, K20935
Nitrate Reduction to Nitrite	HMM@NarG | [K02567 & K02568]	Nitrogen Cycling	Denitrification	First step of denitrification via membrane-bound nitrate reductase (NarGHI; HMM@NarG) or periplasmic nitrate reductase (NapAB; K02567, K02568). Also relevant in produced water injection systems where nitrate is added for souring control.	K00370, K00371, K00374, K02567, K02568
Nitrite Reduction to NO	K00368 | K15864	Nitrogen Cycling	Denitrification	Second step of denitrification via NirS (cd1-type nitrite reductase; K00368) or NirK (copper-type nitrite reductase; K15864).	K00368, K15864
NO Reduction to N2O	K04561 | K15877	Nitrogen Cycling	Denitrification	Third step of denitrification via nitric oxide reductase — cNOR (K04561) or qNOR (K15877).	K04561, K15877
N2O Reduction to N2	K00376	Nitrogen Cycling	Denitrification	Final step of complete denitrification via nitrous oxide reductase (nosZ; K00376). Presence indicates complete denitrification capacity. Absence with upstream denitrification genes present indicates N2O-producing incomplete denitrifier.	K00376
DNRA (NO3 to NH4)	[[K00370 & K00371] | [K02567 & K02568]] & [[K00362 & K00363] | [K03385 & K15876]]	Nitrogen Cycling	DNRA	Dissimilatory nitrate reduction to ammonium via nitrate reductase (NarGH K00370/K00371 or NapAB K02567/K02568) plus nitrite reductase (NrfAB K00362/K00363 or NirBD K03385/K15876). Competes with denitrification for nitrate; retains nitrogen in system rather than releasing N2.	K00370, K00371, K00374, K02567, K02568, K00362, K00363, K03385, K15876
Iron/Manganese/Selenium Reduction	[[Fe@MtrA & Fe@MtrB_TIGR03509 & Fe@MtrC_TIGR03507] | Fe@omcF | Fe@omcS | Fe@omcZ | Fe@FmnA | [Fe@ExtA_pcc_cyt | Fe@ExtB_porin | Fe@ExtC_pcc_lp_cyt | Fe@ExtD_pcc_lp_cyt]]	Metals	Metal Cycling	Dissimilatory Fe(III), Mn(IV), and Se(VI) reduction via outer membrane cytochrome systems. The Mtr system (MtrCAB; Fe@MtrA, Fe@MtrB_TIGR03509, Fe@MtrC_TIGR03507) and Omc cytochromes (Fe@omcS, Fe@omcZ, Fe@omcF) are the primary systems in Shewanella and Geobacter respectively. ExtABCD system found in other iron reducers. No unique diagnostic gene distinguishes Fe(III) from Mn(IV) or Se(VI) reduction — the same EET machinery reduces all three. HMMs from DRAM Fe@ database.	MtrA, MtrB_TIGR03509, MtrC_TIGR03507, omcF, omcS, omcZ, FmnA, ExtA_pcc_cyt, ExtB_porin, ExtC_pcc_lp_cyt, ExtD_pcc_lp_cyt
Iron Oxidation	[Fe@Cyc2 | Fe@PioA | [Fe@MtoA & Fe@MtoB] | [Fe@FoxE & Fe@FoxY & Fe@FoxZ]]	Metals	Metal Cycling	Ferrous iron oxidation for energy conservation. Cyc2 (outer membrane cytochrome, broad iron oxidizers; Fe@Cyc2), MtoAB (neutrophilic iron oxidizers; Fe@MtoA & Fe@MtoB), FoxEYZ (acidophilic iron oxidizers; Fe@FoxE & Fe@FoxY & Fe@FoxZ), PioA (photoferrotrophic iron oxidation; Fe@PioA). HMMs from FeGenie database.	Cyc2, PioA, MtoA, MtoB, FoxE, FoxY, FoxZ
Arsenate Reduction (Respiratory)	K08355 & K08356	Metals	Metal Cycling	Respiratory arsenate reduction via the ArrAB complex (arrA K08355, arrB K08356); uses As(V) as terminal electron acceptor for anaerobic energy conservation. Distinct from detoxification arsenate reductase (arsC) which reduces As(V) to As(III) solely for efflux. Found in diverse anaerobes including Shewanella, Chrysiogenes, and Sulfurospirillum. Relevant in arsenic-rich subsurface and produced water systems.	K08355, K08356
Arsenite Oxidation	K08356 & K08355	Metals	Metal Cycling	Arsenite oxidase large subunit (aioA/aoxB; K08356) and small subunit (aioB/aoxA; K08355) oxidize As(III) to As(V). Can serve as lithotrophic energy conservation (electrons feed into quinone pool) or as detoxification. Both subunits required. Note: K08355 and K08356 are shared with respiratory arsenate reduction (arrAB) due to KEGG numbering ambiguity — interpret in genomic context.	aioA, K08356, aioB, K08355
Extracellular Electron Transfer (EMIC)	[Fe@MtrA & Fe@MtrB_TIGR03509 & Fe@MtrC_TIGR03507] | Fe@omcS | Fe@omcZ	Metals	Metal Cycling	Direct extracellular electron transfer (EET) from metal surface to microbial cell; primary mechanism of electrical MIC (EMIC). Mtr system (MtrCAB) in Shewanella requires all three subunits; OmcS and OmcZ are outer membrane cytochromes in Geobacter sufficient alone. Overlaps with Fe/Mn reduction rule — interpret in context of biofilm presence and metal surface contact.	MtrA, MtrB_TIGR03509, MtrC_TIGR03507, omcS, omcZ
Iron Acquisition (Ferrous, Feo)	[Fe@FeoB_N | Fe@FeoB_C | Fe@FeoB_gate] & Fe@FeoA	Metals	Iron Acquisition	Ferrous iron (Fe2+) uptake via the Feo system. FeoB_N, FeoB_C, FeoB_gate are domains of the same FeoB GTPase-gated membrane channel — any domain detection indicates FeoB presence. FeoA is the small accessory cytoplasmic protein required alongside FeoB. Primary Fe(II) uptake route under anaerobic/microaerobic conditions. HMMs from FeGenie.	FeoA, FeoB_N, FeoB_C, FeoB_gate
Iron Acquisition (Ferric, Fbp/Fut)	at_least(2, PRESENCE, [Fe@FbpA, Fe@FbpB, Fe@FbpC]) | [Fe@FutC & [Fe@FutA1 | Fe@FutA2]]	Metals	Iron Acquisition	Ferric iron (Fe3+) ABC transport systems. FbpABC (heterotrophic bacteria; requires at least 2 of 3 subunits for confident call). FutABC (cyanobacteria; requires ATPase FutC plus at least one substrate-binding protein FutA1 or FutA2). Relevant under oxic or iron-limited conditions. HMMs from FeGenie.	FbpA, FbpB, FbpC, FutA1-iron_ABC_transporter_iron-binding-rep, FutA2-iron_ABC_transporter_iron-binding-rep, FutC-iron_ABC_transporter_ATPase-rep
Arsenic Resistance	[arsC | K00537 | K03741] & [arsB | K03893 | acr3 | K03325]	Metals	Metal Detox	Arsenate detoxification via arsenate reductase (arsC; K00537 glutaredoxin-type or K03741 thioredoxin-type) reducing As(V) to As(III), coupled with arsenite export via ArsB (K03893) or Acr3 (K03325) efflux pumps. ArsA ATPase (K01551) and ArsH (K11811) provide additional resistance capacity. Not respiratory — distinct from arrAB respiratory arsenate reduction in Metal Cycling.	K00537, K03741, K03893, K03325, K01551, K11811
Arsenic Methylation	K07755	Metals	Metal Detox	Arsenite S-adenosylmethionine methyltransferase (arsM; K07755) detoxifies arsenic via sequential methylation to organoarsenicals (monomethylarsenic, dimethylarsenic, trimethylarsine gas). Distinct detoxification strategy from efflux — volatilizes arsenic. Found in diverse bacteria and archaea including methanogens.	K07755
Copper Resistance	[copA | K17686 | copB | K01533 | [[cusA-ybdE | K07787] & [cusB | K07798] & [cusC-ylcB | K07796]]] & [cueO | K14588 | mco | K22552 | cusF-cusX | K07810]	Metals	Metal Detox	Copper efflux via P-type ATPases (copA K17686 Cu+, copB K01533 Cu2+) or CusCBA RND efflux system (K07787, K07798, K07796) combined with periplasmic detoxification via cuproxidase CueO (K14588), multicopper oxidase Mco (K22552), or chaperone CusF (K07810). CopC (K07156) and CopD (K07245) are additional resistance proteins.	copA|K17686, copB|K01533, cusA-ybdE|K07787, cusB|K07798, cusC-ylcB|K07796, cusF-cusX|K07810, cueO|K14588, copC|K07156, copD|K07245, mco|K22552
Mercury Resistance	[merA | K00520] & [merT | K08363 | merC | K19058 | merE | K19059 | merF]	Metals	Metal Detox	Mercuric reductase (merA; K00520) reduces ionic Hg(II) to volatile Hg(0) requiring mercury import via MerT (K08363), MerC (K19058), MerE (K19059), or MerF. MerP (K08364) is a periplasmic Hg-binding protein. merB (K00221) additionally cleaves organomercury compounds. merR (K08365) and merD (K19057) are regulatory. Note merF lacks a confirmed K number — included in gene names only.	merA|K00520, merB|K00221, merT|K08363, merP|K08364, merR|K08365, merC|K19058, merD|K19057, merE|K19059
Chromate Resistance	K07240 | K19784	Metals	Metal Detox	Chromate efflux transporter (chrA; K07240) and chromate resistance protein (chrB; K19784). ChrA actively exports chromate from the cell. Relevant in industrial and mining-influenced systems with chromate contamination.	K07240, K19784
Cadmium/Zinc/Cobalt Resistance	at_least(2, PRESENCE, [czcA | K15726, czcB | K15727, czcC | K15725]) | [zntA-yhhO | K01534] | [zitB-ybgR | K16264]	Metals	Metal Detox	Heavy metal efflux via CzcABC RND efflux system (K15726/K15727/K15725; at least 2 of 3 subunits required for metagenomic data) handling Cd/Zn/Co, ZntA P-type ATPase (K01534) for Zn/Cd export, or ZitB CDF transporter (K16264). CadX (K21903) and CzrB (K21133) are regulators.	czcA|K15726, czcB|K15727, czcC|K15725, zntA-yhhO|K01534, zitB-ybgR|K16264, cadX|K21903, czrB|K21133
Nickel/Cobalt Resistance	nrsA | K11326 | [rcnA-yohM | K08970] | K24079 | K24078 | [ctpD | K12951]	Metals	Metal Detox	Nickel and cobalt efflux via NrsA (K11326), RcnA/NicO family (K08970), CnrY (K24079) and CnrR (K24078) of the CnrYXH/CnrCBA system, or CtpD P-type ATPase (K12951). Relevant in stainless steel corrosion environments and industrial bioreactors where nickel leaches from equipment.	nrsA|K11326, rcnA-yohM|K08970, K24079, K24078, ctpD|K12951
Silver Resistance	silP | K23254 | silF | silE	Metals	Metal Detox	Silver efflux via SilP P-type ATPase (K23254); SilF and SilE are periplasmic silver-binding proteins. K number only confirmed for silP; silF and silE lack confirmed K numbers. Relevant in engineered systems using silver-based antimicrobials.	silP|K23254, silF, silE
Lead Resistance	pbrR | pbrT	Metals	Metal Detox	Lead resistance via PbrR transcriptional regulator and PbrT Pb(II) membrane transporter. pbrR and pbrT lack confirmed K numbers in current KEGG — gene name identifiers used. Rule requires HMM development for reliable detection.	pbrR, pbrT
Acetate Production	[[K00163 | K00161 | K00162 | K01568] & [K00163 | K00161 | K00162] & K00627] | [K00174 | K00175] | [[K00169 | K00170 | K00172 | K00189 | K00171 | K03737] & [K01905 | K22224 | K24012]] | [[K00163 | K00161 | K00162 | K01568] & K01568 & [K00138 | K00128 | K14085 | K00149 | K00129]] | K01895 | K01913	Fermentation End Products	Organic Acids	Acetate production via multiple fermentative routes: (1) oxidative decarboxylation of pyruvate to acetyl-CoA via pyruvate dehydrogenase (K00163, K00161, K00162), pyruvate ferredoxin oxidoreductase (K00174, K00175), or pyruvate formate lyase (K01568), followed by acetate release via acetate kinase/phosphotransacetylase (K01905, K22224, K24012); (2) direct aldehyde oxidation routes (K00138, K00128, K14085, K00149, K00129); or (3) acetyl-CoA hydrolysis (K01895, K01913).	K00163, K00161, K00162, K01568, K00627, K00174, K00175, K00169, K00170, K00172, K00189, K00171, K03737, K01905, K22224, K24012, K00138, K00128, K14085, K00149, K00129, K01895, K01913
Propionate Production	[[K01899 | K01900 | K01902 | K01903] & [K01847 | K01849 | K01848] & [K00140 | [K05606 & [K11264 | K03416 | K18426]]] & [K01895 | K01908]] | [K01026 & [K20626 | K20627] & [K00248 | K00232] & [K01895 | K01908]] | [[K01699 | K13919 | K13920] & K13922 & [K01895 | K01908]] | [K01206 | K01905 | K22224 | K24012] | [[K13788 | K00625 | K15024 | K13923 | K00169 | K00170 | K00172 | K00189 | K00171 | K00656] & [K00925 | K00932 | K19697]]	Fermentation End Products	Organic Acids	Propionate production via three routes: (1) methylmalonyl-CoA pathway involving succinyl-CoA intermediates (K01899, K01900, K01902, K01903, K01847, K01849, K01848, K00140, K01895, K01908); (2) acrylate pathway via lactate (K01026, K20626, K20627, K00248, K00232); or (3) propionyl-CoA pathway (K01699, K13919, K13920, K13922). Key fermentation product and syntrophic substrate.	K01899, K01900, K01902, K01903, K01847, K01849, K01848, K00140, K05606, K11264, K03416, K18426, K01895, K01908, K01026, K20626, K20627, K00248, K00232, K01699, K13919, K13920, K13922, K01206, K01905, K22224, K24012, K13788, K00625, K15024, K13923, K00169, K00170, K00172, K00189, K00171, K00656, K00925, K00932, K19697
Butyrate Production	[K00626 & [K00074 | K00022 | K07516 | K01825 | K01782 | K07514] & [K01692 | K01825 | K01782 | K07515 | K07514 | K07511 | K01715] & [K00209 | K17829] & [K01034 | K01035 | K19709]] | [[K00135 | K08324 | K00139 | K17761] & [K00043 | K08318 | K18120 | K18121] & K18122 & K14534 & [K00209 | K17829] & [K01034 | K01035 | K19709]] | [K01580 & [K13524 | K07250 | K14268 | K00823 | K16871] & [K00043 | K08318 | K18120 | K18121] & K18122 & K14534 & [K00209 | K17829] & [K01034 | K01035 | K19709]] | K01843	Fermentation End Products	Organic Acids	Butyrate production via multiple routes: (1) classical acetyl-CoA condensation pathway (K00626, K00074/K00022, K01692, K00209/K17829, K01034/K01035/K19709); (2) glutarate pathway (K00135/K08324/K00139/K17761, K00043/K08318/K18120/K18121, K18122, K14534); (3) lysine pathway (K01580, K13524/K07250/K14268/K00823/K16871); or (4) 4-aminobutyrate pathway (K01843).	K00626, K00074, K00022, K07516, K01825, K01782, K07514, K01692, K07515, K07511, K01715, K00209, K17829, K01034, K01035, K19709, K00135, K08324, K00139, K17761, K00043, K08318, K18120, K18121, K18122, K14534, K01580, K13524, K07250, K14268, K00823, K16871, K01843
Lactate Production	[[K00844 | K00886 | K08074 | K00918 | K12407 | K00845 | K25026] & [K01810 | K06859 | K13810 | K15916] & [K24182 | K00850 | K16370 | K21071 | K00918 | K00895] & [K01623 | K01624 | K01622 | K11645 | K16305 | K16306] & [[K00134 | K00150] & [K00927 | K01837] & [K01834 | K15633 | K15634 | K15635 | K01837]] & [K01689 | K27394 | K00873 | K12406] & K00016] | K00016 | [[K18124 | K18125 | K00115 | K19813 | K00117] & K01053 & K05308 & [K11395 | K18127] & K00016]	Fermentation End Products	Organic Acids	Lactate production via three routes: (1) complete glycolytic route followed by lactate dehydrogenase (K00016); (2) lactate dehydrogenase alone (K00016) as minimal call; or (3) PTS sugar system route (K18124/K18125/K00115/K19813/K00117 & K01053 & K05308 & K11395/K18127 & K00016). Lactate is a primary fermentation product in Firmicutes and relevant as MIC organic acid, SRB substrate, and electron donor.	K00016, K00844, K00886, K08074, K00918, K12407, K00845, K25026, K01810, K06859, K13810, K15916, K24182, K00850, K16370, K21071, K00895, K01623, K01624, K01622, K11645, K16305, K16306, K00134, K00150, K00927, K01837, K01834, K15633, K15634, K15635, K01689, K27394, K00873, K12406, K18124, K18125, K00115, K19813, K00117, K01053, K05308, K11395, K18127
Formate Production	K00656 | [K00122 & K00123] | at_least(2, PRESENCE, [K00124, K00125, K00126])	Fermentation End Products	Organic Acids	Formate production via pyruvate formate lyase (PFL; K00656) cleaving pyruvate to formate and acetyl-CoA under strictly anaerobic conditions, or via formate dehydrogenase — FDH-N subunits (K00122, K00123; both required) or FDH-H subunits (K00124, K00125, K00126; at least 2 required). Formate is a key interspecies electron/H2 carrier in syntrophic systems.	K00656, K00122, K00123, K00124, K00125, K00126
Succinate Production	[K00244 | K00245] & [K00246 | K00247]	Fermentation End Products	Organic Acids	Succinate production via fumarate reductase — catalytic subunits frdA/frdB (K00244, K00245) plus membrane anchor subunits frdC/frdD (K00246, K00247). Note fumarate reductase is also involved in other metabolisms beyond succinate production; interpret in context of broader fermentative metabolism.	K00244, K00245, K00246, K00247
Ethanol Production	[K01568 & [K00001 | K00121 | K13953]] | [[K00001 | K04072] & [K00128 | K00149] & K01895]	Fermentation End Products	Alcohols	Ethanol production via pyruvate formate lyase (K01568) plus alcohol dehydrogenase (K00001, K00121, K13953), or via acetaldehyde dehydrogenase (K00128, K00149) coupled with alcohol dehydrogenase (K01895/K04072). Relevant in industrial bioreactors, bioethanol systems, and as carbon source for other organisms in mixed communities.	K01568, K00001, K00121, K13953, K04072, K00128, K00149, K01895
Butanol Production	[K00100 | K00544] & [K00634 & [K00929 | K01896]]	Fermentation End Products	Alcohols	Butanol production via ABE fermentation pathway; requires butyryl-CoA formation (thiolase K00634 plus butyryl-CoA acetyltransferase K00929 or K01896) followed by reduction to butanol via butanol dehydrogenase (bdh; K00100) or NADH-dependent butanol dehydrogenase (K00544). Butyryl-CoA intermediate shared with butyrate pathway. Found predominantly in Clostridia.	K00100, K00544, K00634, K00929, K01896
Aerobic Alkane Degradation	AlkB | AlmA_GroupI | AlmA_GroupIII | [pBmoA & pBmoB & pBmoC] | at_least(2, PRESENCE, [sBmoX, sBmoY, sBmoZ]) | CYP153 | LadA_alpha | LadA_beta | LadB | [PrmA & PrmC]	Carbon Degradation	Aerobic Hydrocarbons	Aerobic oxidation of short to long-chain alkanes via monooxygenases. AlkB (alkane hydroxylase; short-to-medium chain), AlmA (flavin-binding monooxygenase; long-chain C20+), LadA alpha/beta (long-chain alkane monooxygenase; C15-C36), CYP153 (cytochrome P450), pBmo (particulate butane monooxygenase; C2-C9), sBmo (soluble butane monooxygenase complex; at least 2 of 3 subunits), PrmA/C (propane monooxygenase; both required). HMMs from CANT-HYD database.	AlkB, AlmA_GroupI, AlmA_GroupIII, pBmoA, pBmoB, pBmoC, sBmoX, sBmoY, sBmoZ, CYP153, LadA_alpha, LadA_beta, LadB, PrmA, PrmC
Aerobic Aromatic Degradation (General)	MAH_alpha | MAH_beta | DmpO | DszC | TmoA_BmoA | TmoB_BmoB | TmoE | TomA1 | TomA3 | TomA4 | NdoB | NdoC | non_NdoB_type	Carbon Degradation	Aerobic Hydrocarbons	Aerobic degradation of monoaromatic and heterocyclic compounds. General row includes all aerobic aromatic HMMs from CANT-HYD — MAH_alpha/beta (monoaromatic dioxygenase; BTEX-relevant), DmpO (phenol hydroxylase), DszC (dibenzothiophene desulfurization; organosulfur aromatics), TmoA/B/E and TomA1/3/4 (toluene/benzene monooxygenases; BTEX-specific), NdoB/NdoC/non_NdoB_type (naphthalene dioxygenases; PAH-specific). This general row is a superset of BTEX and PAH rows.	MAH_alpha, MAH_beta, DmpO, DszC, TmoA_BmoA, TmoB_BmoB, TmoE, TomA1, TomA3, TomA4, NdoB, NdoC, non_NdoB_type
Aerobic BTEX Degradation	at_least(2, PRESENCE, [TmoA_BmoA, TmoB_BmoB, TmoE]) | at_least(2, PRESENCE, [TomA1, TomA3, TomA4])	Carbon Degradation	Aerobic Hydrocarbons	Aerobic BTEX degradation via toluene/benzene monooxygenases. TmoABE (toluene 4-monooxygenase; at least 2 of 3 subunits), TomA1/3/4 (toluene 2-monooxygenase; at least 2 of 3 subunits). Requiring at least 2 subunits from the same complex increases confidence. HMMs from CANT-HYD.	TmoA_BmoA, TmoB_BmoB, TmoE, TomA1, TomA3, TomA4
Aerobic PAH Degradation	NdoB | NdoC | non_NdoB_type	Carbon Degradation	Aerobic Hydrocarbons	Aerobic PAH degradation via naphthalene dioxygenases. NdoB (naphthalene 1,2-dioxygenase alpha subunit), NdoC (beta subunit), non_NdoB_type (phylogenetically distinct alpha subunit with broader substrate range). HMMs from CANT-HYD.	NdoB, NdoC, non_NdoB_type
Anaerobic Alkane Degradation	AhyA | AssA	Carbon Degradation	Anaerobic Hydrocarbons	Anaerobic alkane oxidation via fumarate addition (AssA; alkylsuccinate synthase/masD; C3-C12 alkanes) or hydroxylation (AhyA; alkane C2 methylene hydroxylase). HMMs from CANT-HYD. Highly relevant in shale and oil reservoir systems where anaerobic conditions dominate.	AhyA, AssA
Anaerobic Aromatic Degradation (General)	CmdA | EbdA | BssA | AbcA_1 | AbcA_2 | NmsA | K27540	Carbon Degradation	Anaerobic Hydrocarbons	Anaerobic aromatic degradation via dehydrogenation or fumarate addition. General row includes all anaerobic aromatic HMMs — EbdA (ethylbenzene dehydrogenase; BTEX-relevant), CmdA (p-cymene dehydrogenase), BssA/AbcA_1/AbcA_2 (BTEX-specific), NmsA/K27540 (PAH-specific). Superset of anaerobic BTEX and PAH rows. HMMs from CANT-HYD.	CmdA, EbdA, BssA, AbcA_1, AbcA_2, NmsA, K27540
Anaerobic BTEX Degradation	BssA | AbcA_1 | AbcA_2	Carbon Degradation	Anaerobic Hydrocarbons	Anaerobic BTEX degradation via fumarate addition (BssA; benzylsuccinate synthase; toluene/xylene) or carboxylation (AbcA_1/AbcA_2; benzene carboxylase). BssA is the most widely used marker for anaerobic toluene degradation. HMMs from CANT-HYD.	BssA, AbcA_1, AbcA_2
Anaerobic PAH Degradation	NmsA | K27540	Carbon Degradation	Anaerobic Hydrocarbons	Anaerobic PAH degradation via fumarate addition (NmsA; naphthyl-2-methylsuccinate synthase; naphthalene) or carboxylation (K27540; naphthalene carboxylase). HMMs from CANT-HYD.	NmsA, K27540
Cellulose Degradation	[GH5 | GH8 | GH9 | GH10 | GH12 | GH44 | GH45 | GH124] & [GH6 | GH7 | GH48] & [GH1 | GH3 | GH94 | GH116]	Carbon Degradation	Polymers	Cellulose degradation requires endo-acting cellulase (GH5, GH8, GH9, GH10, GH12, GH44, GH45, GH124), exo-acting cellobiohydrolase (GH6, GH7, GH48), and beta-glucosidase (GH1, GH3, GH94, GH116). LPMOs (AA9, AA10, AA15, AA16) provide oxidative enhancement but are not required. CAZyme families from dbCAN.	GH5, GH6, GH7, GH8, GH9, GH10, GH12, GH44, GH45, GH48, GH124, GH1, GH3, GH94, GH116, AA9, AA10, AA15, AA16
Hemicellulose Degradation	[GH5 | GH9 | GH10 | GH11 | GH12 | GH16 | GH26 | GH44 | GH45 | GH74 | GH113 | GH134] & [GH2 | GH31 | GH38 | GH43 | GH51 | GH63 | GH92 | GH125 | GH130 | CE1 | CE2 | CE4 | CE17]	Carbon Degradation	Polymers	Hemicellulose degradation requires backbone hydrolase (GH5, GH9-GH12, GH16, GH26, GH44, GH45, GH74, GH113, GH134) and side-chain/accessory enzyme or esterase (GH2, GH31, GH38, GH43, GH51, GH63, GH92, GH125, GH130, CE1, CE2, CE4, CE17). CAZyme families from dbCAN.	GH5, GH9, GH10, GH11, GH12, GH16, GH26, GH44, GH45, GH74, GH113, GH134, GH2, GH31, GH38, GH43, GH51, GH63, GH92, GH125, GH130, CE1, CE2, CE4, CE17
Starch Degradation	GH13 | GH14 | GH15 | GH57 | GH97 | GH119 | GH126 | GH133	Carbon Degradation	Polymers	Starch degradation via amylolytic hydrolases (GH13, GH14, GH15, GH57, GH97, GH119, GH126, GH133); at least one amylase family required. AA13 LPMO provides optional oxidative enhancement. CAZyme families from dbCAN.	GH13, GH14, GH15, GH57, GH97, GH119, GH126, GH133, AA13
Galactomannan (Guar Gum) Degradation	[GH26 | GH5 | GH113 | GH134] & [GH2 | GH1 | GH27 | GH36]	Carbon Degradation	Polymers	Degradation of guar gum (galactomannan), a common hydraulic fracturing fluid additive. Requires beta-mannanase for backbone cleavage (GH26, GH5, GH113, GH134) and alpha-galactosidase (GH27, GH36) or beta-mannosidase (GH2, GH1) for side-chain removal. Guar gum degradation documented in produced water communities post-fracturing. CAZyme families from dbCAN.	GH26, GH5, GH113, GH134, GH2, GH1, GH27, GH36
Glucose Use	K02777 | K02779 | K02791 | K20118 | K18124 | K18125 | K00115 | K00117 | K19813 | K18851 | K00844 | K12407 | K00845 | K25026	Carbon Degradation	Simple Sugars	Glucose utilization via PTS (K02777, K02779, K02791), glucose transporters, and glycolytic entry enzymes (glucokinase K00844, K00845). A positive call is expected in nearly all heterotrophs.	K02777, K02779, K02791, K20118, K18124, K18125, K00115, K00117, K19813, K18851, K00844, K12407, K00845, K25026
Sucrose Use	K01182 | K01203 | K12047 | K01187 | K12316 | K12317 | K06617 | K01193 | K00695 | K02810 | K00690 | K05341 | K00689 | K00692	Carbon Degradation	Simple Sugars	Sucrose utilization via invertase (K01182, K01203), sucrose phosphorylase (K00690), sucrose-6-phosphate hydrolase (K01193), or PTS-mediated uptake.	K01182, K01203, K12047, K01187, K12316, K12317, K06617, K01193, K00695, K02810, K00690, K05341, K00689, K00692
Mannose Use	[K01809 | K02793 | K02794 | K02795] | K02796	Carbon Degradation	Simple Sugars	Mannose utilization via mannose-6-phosphate isomerase (K01809) or PTS mannose transporter (K02793, K02794, K02795, K02796).	K01809, K02793, K02794, K02795, K02796
Galactose Use	[K00849 | K00965 | K01784] | K01785	Carbon Degradation	Simple Sugars	Galactose utilization via galactokinase (K00849), UDP-glucose-hexose-1-phosphate uridylyltransferase (K00965), UDP-galactose-4-epimerase (K01784), or galactose mutarotase (K01785).	K00849, K00965, K01784, K01785
Fucose Use	[K00879 | K01628] | K01818	Carbon Degradation	Simple Sugars	Fucose utilization via L-fucose isomerase (K01818), fuculokinase (K00879), or fuculose-1-phosphate aldolase (K01628).	K00879, K01628, K01818
Xylose Use	[K00854 | K01805 | K00008 | K00011 | K05351 | K17743 | K00078 | K14273 | K14274] | K14275	Carbon Degradation	Simple Sugars	Xylose utilization via xylose isomerase (K01805), xylulokinase (K00854), or Weimberg/Dahms pathway enzymes. Major hemicellulose-derived sugar.	K00854, K01805, K00008, K00011, K05351, K17743, K00078, K14273, K14274, K14275
Fructose Use	K00008 | K00045 | K27924 | K00007 | K00844 | K00847 | K01805 | K00846 | K27475 | K02768 | K02769 | K02770 | K02771 | K11194 | K11195 | K11196	Carbon Degradation	Simple Sugars	Fructose utilization via fructokinase (K00847), PTS fructose transporters (K02768-K02771), or fructose-1,6-bisphosphatase.	K00008, K00045, K27924, K00007, K00844, K00847, K01805, K00846, K27475, K02768, K02769, K02770, K02771, K11194, K11195, K11196
Arabinose Use	K01804 | K00011 | K26066 | K13873 | K19660 | K12446	Carbon Degradation	Simple Sugars	Arabinose utilization via L-arabinose isomerase (K01804), ribulokinase (K00011), or related enzymes. Common component of hemicellulose and pectin.	K01804, K00011, K26066, K13873, K19660, K12446
Ribose Use	K00852	Carbon Degradation	Simple Sugars	Ribose utilization via ribokinase (K00852).	K00852
Rhamnose Use	K01813 | K01820 | K18337	Carbon Degradation	Simple Sugars	Rhamnose utilization via L-rhamnose isomerase (K01813), rhamnulokinase (K01820), or rhamnulose-1-phosphate aldolase (K18337).	K01813, K01820, K18337
Maltose Use	K05343 | K00691 | K06896 | K16146 | K00705 | K22451 | K12047 | K01187 | K12316 | K12317	Carbon Degradation	Simple Sugars	Maltose utilization via maltase (K05343), maltose phosphorylase (K00691), or alpha-glucosidase (K01187, K12047).	K05343, K00691, K06896, K16146, K00705, K22451, K12047, K01187, K12316, K12317
Trehalose Use	K12437 | K02777 | K02819 | K01194 | K22934 | K05342 | K05343	Carbon Degradation	Simple Sugars	Trehalose utilization via trehalase (K01194), trehalose phosphorylase (K02819), or PTS trehalose transporter. Note trehalose biosynthesis genes (K05342, K05343) overlap with osmoregulation sugar synthesis row — interpret in context.	K12437, K02777, K02819, K01194, K22934, K05342, K05343
Lactose Use	[K01190 | K12111 | K12112] | K12309	Carbon Degradation	Simple Sugars	Lactose utilization via beta-galactosidase (K01190) or PTS lactose transporter (K12111, K12112, K12309). Relevant in wastewater systems receiving dairy effluents.	K01190, K12111, K12112, K12309
Glycerol Use	K01189 | K07406 | K07407 | K00005 | K22251 | K18097 | K00864 | K06120 | K06121 | K06122 | K00011 | K00002 | K13979	Carbon Degradation	Other Carbon	Glycerol utilization via glycerol kinase (K00864), glycerol-3-phosphate dehydrogenase (K00005, K06120, K06121, K06122), glycerol dehydrogenase (K00002), or glycerol uptake facilitator (K13979). Glycerol is released during lipid hydrolysis and is a fermentation substrate in digesters and bioreactors.	K01189, K07406, K07407, K00005, K22251, K18097, K00864, K06120, K06121, K06122, K00011, K00002, K13979
Ethylene Glycol Degradation	[K00001 | K00121] & [K14085 | K00128 | K00149]	Carbon Degradation	Other Carbon	Ethylene glycol degradation via glycolate oxidase (K11472) or diol dehydratase (K18394) for initial oxidation, followed by alcohol dehydrogenase (K00001, K00121) and aldehyde dehydrogenase (K14085, K00128, K00149). Ethylene glycol is used as antifreeze in pipelines and gas processing facilities. Note: K11472 and K18394 removed per curation.	K00001, K00121, K14085, K00128, K00149
Methanol Use	K14028 | K16254 | K00121	Carbon Degradation	Other Carbon	Methanol oxidation via methanol dehydrogenase: calcium-dependent MDH (mxaF; K14028) in Alphaproteobacterial methylotrophs, lanthanide-dependent MDH (xoxF; K16254) increasingly recognized as broadly distributed, or NAD-dependent MDH (mdh; K00121) with broader phylogenetic distribution. K00121 is less specific — co-occurrence with K14028 or K16254 strengthens the call. Methanol is injected as hydrate inhibitor in oil and gas pipelines and used as denitrification carbon source in wastewater treatment.	K14028, K16254, K00121
EPS Production	K16566 | K16557 | K16556 | K16555 | K19290 | K19291 | K19293 | K19294 | K19295 | K19296 | K11936 | K11937 | K20997 | K21001 | K21154 | K25902 | K25904 | K25906 | K25205 | K21461	Biofilms & Attachment	EPS	Exopolysaccharide biosynthesis and biofilm matrix structural genes including alginate biosynthesis (alg genes; K16566, K16557, K16556, K16555), Psl polysaccharide biosynthesis (K19290-K19296), PGA/ICA poly-GlcNAc synthesis (pgaABCD/icaABCD; K11936, K11937), and additional EPS biosynthesis genes. Any single gene indicates EPS production capacity. Drives pipeline fouling and MIC in engineered systems.	K16566, K16557, K16556, K16555, K19290, K19291, K19293, K19294, K19295, K19296, K11936, K11937, K20997, K21001, K21154, K25902, K25904, K25906, K25205, K21461
Quorum Sensing	[[K13060 | K13061] & [K18304 | K18099]] | K07173 | at_least(2, PRESENCE, [K10555, K10556, K10557, K10558])	Biofilms & Attachment	Quorum Sensing	Quorum sensing via three systems: (1) AHL/LuxI-LuxR: LuxI-type AHL synthases lasI (K13060) or rhlI/cepI/tofI homologs (K13061) paired with LuxR-type receptors lasR (K18304) or rhlR homologs (K18099) — both synthase and receptor required; (2) AI-2/LuxS system: LuxS S-ribosylhomocysteine lyase (K07173) — widely conserved but interpret alone cautiously as it has metabolic roles beyond QS; (3) AI-2 import via Lsr ABC transporter: LsrB substrate-binding (K10555), LsrC permease (K10556), LsrD permease (K10557), LsrA ATPase (K10558) — at least 2 subunits required — indicates active AI-2 uptake and response capacity.	K13060, K13061, K18304, K18099, K07173, K10555, K10556, K10557, K10558
Motility	[K02410 | K02411] & at_least(3, PRESENCE, [K02406, K02407, K02400, K02408, K02409, K02412, K02416, K02417, K02386, K02387, K02391, K02393, K02404, K02405])	Biofilms & Attachment	Motility	Flagellar motor (MotA K02410 or MotB K02411; at least one required) plus at least 3 structural/assembly genes from the flagellar complex. Required for surface approach and early biofilm attachment. Also relevant for chemotaxis toward carbon/electron donor sources in engineered systems.	K02410, K02411, K02406, K02407, K02400, K02408, K02409, K02412, K02416, K02417, K02386, K02387, K02391, K02393, K02404, K02405
Salt-In Strategy (K+ Accumulation)	[K01546 | K01547 | K01548] | [K05565 & at_least(3, PRESENCE, [K05566, K05567, K05568, K05569, K05570, K05571])] | [K03315 | K07084] | at_least(2, PRESENCE, [K05559, K05560, K05561, K05562, K05563, K05564]) | [K03499 & K03498]	Environmental Stress Response	Osmoregulation	Halophilic salt-in osmoadaptation via K+ accumulation and Na+ exclusion. KdpABC P-type ATPase (K01546-K01548) imports K+; KdpDE (K07646, K07667) sensor-regulator. Mrp/Mnh Na+:H+ antiporter (K05565-K05571; Mrp subunit K05565 required plus at least 3 others). PhaABCDEFG K+ transporter (K05559-K05564; at least 2 of 6). TrkA/TrkH constitutive K+ uptake (K03499 & K03498; both required). NhaC Na+:H+ antiporter (K03315 or K07084). Highly relevant in hypersaline produced waters (TDS >200 g/L).	K07646, K07667, K01545, K01546, K01547, K01548, K03315, K07084, K05565, K05566, K05567, K05568, K05569, K05570, K05571, K05559, K05560, K05561, K05562, K05563, K05564, K03499, K03498
Compatible Solutes: Methylated (Synthesis)	[[K00108 | K11440] & K00130] | [K18896 & K18897]	Environmental Stress Response	Osmoregulation	Glycine betaine biosynthesis via two routes: (1) choline oxidation pathway — choline dehydrogenase (betA; K00108 or K11440) AND betaine-aldehyde dehydrogenase (betB; K00130); or (2) sequential N-methylation of glycine — glycine/sarcosine methyltransferase (K18896) AND sarcosine/dimethylglycine methyltransferase (K18897).	K00108, K11440, K00130, K18896, K18897
Compatible Solutes: Ectoine (Synthesis)	K06718 & K00836 & K06720	Environmental Stress Response	Osmoregulation	Ectoine biosynthesis via complete ectABC pathway: diaminobutyrate acetyltransferase (ectA; K06718), diaminobutyrate aminotransferase (ectB; K00836), ectoine synthase (ectC; K06720) — all three required. Ectoine hydroxylase (ectD; K10674) additionally produces hydroxyectoine with enhanced thermostability. Major compatible solute in halophilic bacteria.	K06718, K00836, K06720, K10674
Compatible Solutes: Sugars (Synthesis)	[K00697 & K01087] | K06044 | K01236 | K05342 | K05343 | K05947 | K00009	Environmental Stress Response	Osmoregulation	Biosynthesis of sugar-derived compatible solutes. Trehalose: OtsAB (K00697 & K01087; both required), TreYZ (K06044 or K01236), TreS (K05343), TreP (K05342). Mannosylglycerate: mpgSP (K05947). Mannitol: mtlD (K00009). Note K05342 and K05343 overlap with Trehalose Use row in Carbon Degradation.	K05947, K00009, K06044, K01236, K05342, K05343, K00697, K01087
Compatible Solutes: Methylated (Transport)	K02168 | K03451 | K05245 | K03762 | K05020 | [K02000 & K02001 & K02002] | at_least(2, PRESENCE, [K05845, K05846, K05847]) | at_least(2, PRESENCE, [K10036, K10037, K10038])	Environmental Stress Response	Osmoregulation	Transport of glycine betaine, choline, proline, and related methylated osmoprotectants. BetP/T/S BCCT transporter (K02168), carnitine/betaine antiporter (K05245), OpuD betaine transporter (K05020). ProVWX ABC transporter (K02000 & K02001 & K02002; all three required). OpuABC (K05845, K05846, K05847; at least 2 subunits). Glutamine ABC (K10036, K10037, K10038; at least 2 subunits). ProP MFS transporter (K03762); ProQ effector (K03607).	K02168, K03451, K05245, K03762, K03607, K02000, K02001, K02002, K05020, K10036, K10037, K10038, K05845, K05846, K05847
Compatible Solutes: Ectoine (Transport)	at_least(2, PRESENCE, [K02028, K02029, K02030])	Environmental Stress Response	Osmoregulation	Ectoine/hydroxyectoine uptake via EhuABC ABC transporter (EhuA ATPase K02028, EhuC/D permease K02029, EhuB substrate-binding protein K02030). At least 2 of 3 subunits required for metagenomic data. Organisms with transport but not synthesis genes are ectoine scavengers.	K02028, K02029, K02030
Compatible Solutes: Sugars (Transport)	at_least(2, PRESENCE, [K10227, K10228, K10229, K10230]) | at_least(2, PRESENCE, [K02783, K02781, K02782]) | K02798 | at_least(2, PRESENCE, [K10109, K10110, K10111]) | K17314	Environmental Stress Response	Osmoregulation	Sugar osmoprotectant transport. SmoEF ABC system (K10227-K10230; at least 2 subunits), SrlABE PTS (K02783, K02781, K02782; at least 2 subunits), mannitol PTS (mtlA; K02798). Trehalose: dedicated transporter (K17314) or maltose/trehalose ABC (K10109-K10111; at least 2 subunits). Organisms with transport but not synthesis genes scavenge solutes from environment.	K10227, K10228, K10229, K10230, K02783, K02781, K02782, K02798, K10109, K10110, K10111, K17314
Heat Shock Response	K04043 | K03686 | K04079 | K03705 | K13640 | K03053 | K03048 | K01419 | K04080 | K04081 | K03695 | K03687	Environmental Stress Response	Temperature Stress	Heat shock chaperones and proteases. DnaK (K04043) and DnaJ (K04079) form core chaperone system; GroEL/GroES (K04080, K04081) provide folding assistance; GrpE (K03686) is nucleotide exchange factor; ClpB (K03695) disaggregates protein aggregates; ClpXP (K03687) and HslUV are ATP-dependent proteases for misfolded proteins. Essential for survival in high-temperature wells and geothermal systems.	K04043, K03686, K04079, K03705, K13640, K03053, K03048, K01419, K04080, K04081, K03695, K03687
Cold Shock Response	K10257 | K03704 | K02834 | K05592	Environmental Stress Response	Temperature Stress	Cold shock response via cold shock proteins (CspA family; K10257) acting as RNA chaperones, RecA (K03704) for SOS response, trigger factor (K02834) as ribosome-associated chaperone, and CsdA/DeaD (K05592) cold-inducible DEAD-box RNA helicase. Relevant in surface-to-subsurface transitions and temperature-fluctuating systems.	K10257, K03704, K02834, K05592
Beta-Lactam Resistance	K18698 | K18699 | K18796 | K18767 | K18797 | K19097 | K19317 | K18768 | K18970 | K19316 | K22346 | K18795 | K19218 | K19217 | K18790 | K18791 | K19098 | K18792 | K19213 | K21276 | K18793 | K18971 | K22352 | K19209	Environmental Stress Response	Antibiotic Resistance	Beta-lactamase and penicillin-binding protein resistance genes conferring resistance to beta-lactam antibiotics (penicillins, cephalosporins, carbapenems). Major antibiotic resistance gene class in environmental microbiomes.	K18698, K18699, K18796, K18767, K18795, K19218, K19217
Macrolide Resistance	K00561 | K14336 | K15632 | K18230 | K18231 | K19349 | K19350 | K18232 | K19541 | K08217	Environmental Stress Response	Antibiotic Resistance	Macrolide resistance via efflux pumps, ribosomal methylases (erm genes), or macrolide esterases.	K00561, K14336, K15632, K18230, K18231, K19349, K19350, K18232, K19541, K08217
Tetracycline Resistance	K08151 | K08168 | K18214 | K18215 | K18218 | K18216 | K18217 | K19542 | K18233 | K18220 | K18221	Environmental Stress Response	Antibiotic Resistance	Tetracycline resistance via efflux pumps (tet efflux genes) or ribosomal protection proteins.	K08151, K08168, K18214, K18215, K18218, K18216, K18217, K19542, K18233, K18220, K18221
Sulfonamide Resistance	K18974 | K18824 | K18825	Environmental Stress Response	Antibiotic Resistance	Sulfonamide resistance via dihydropteroate synthase variants (sul1, sul2, sul3) insensitive to sulfonamide inhibition. Among the most commonly detected antibiotic resistance genes in wastewater and water treatment systems.	K18974, K18824, K18825
Biocide Efflux (General)	K03585 | K18138 | [K18324 | 2.A.6.2.7_P24177] | [K18142 | 2.A.6.2.2_P31224] | [K03297 | 2.A.7.1] | [[K11814 | 2.A.7.1.6] & [K11815 | 2.A.7.1.6]] | [K18975 | 2.A.7.1.11]	Environmental Stress Response	Biocide Resistance	Broad-spectrum efflux genes for biocide and multidrug resistance. MexA/membrane fusion protein (K03585), MATE efflux (K03400), MexB/RND pump (K18138), AcrD/RND pump (K18324), AcrF/RND pump (K18142), and SMR family pumps: Mmr (K03297), EbrA/EbrB paired SMR pump (K11814 & K11815), Ebr SMR pump (K18975). Aldehyde dehydrogenase (K14085) provides chemical detoxification capacity. RND pumps (2.A.6 TCDB family) provide broad substrate efflux relevant in oil and gas and wastewater systems. General row is superset of Aldehyde Resistance sub-row.	K03585, K18138, K18324 | 2.A.6.2.7_P24177, K18142 | 2.A.6.2.2_P31224, K03297 | 2.A.7.1, K11814 | 2.A.7.1.6, K11815 | 2.A.7.1.6, K18975 | 2.A.7.1.11
Aldehyde Resistance	K00149 | K14085	Environmental Stress Response	Biocide Resistance	Resistance to aldehyde biocides (e.g., glutaraldehyde, formaldehyde) mediated by aldehyde oxidoreductases and aldehyde:ferredoxin oxidoreductases (K00149, K14085), which detoxify reactive aldehyde compounds.	K00149, K14085
QAC Resistance	K08167, K11741	Environmental Stress Response	Biocide Resistance	Resistance to quaternary ammonium compound (QAC) disinfectants mediated by multidrug efflux transporters (K08167, K11741) that export toxic biocides from the cell.	K08167 | K11741
Oxidative Stress Resistance	K04564|K04565|K04569|K03781|K03782|K24119|K03387|K04761|K13639|K13631|K00383|K01919|K03671|K00384|K03672|K10563|K03575|K03553|K04047|K03594|K02217|K03674|K03675|K03676|K07304|K07305|K04063|K11065|K03564|K00036|K00033|K00324|K00325|K19824|K04487|K05997|K09014|K09013|K09015|K11717|K02426|K03087|K03711|K13643|K01338|K04043|K05919|K01759|K00799|K01069|K10773|K10567|K03574|K01151|K03584|K01142|K09825|K23775|K04084|K01920	Environmental Stress Response	Biocide Resistance	Presence of oxidative stress response genes indicates microbial potential to detoxify reactive oxygen species through catalase–peroxidase, superoxide dismutase, glutathione biosynthesis,  NADH peroxidase, or related genes/proteins, supporting survival under oxidative stress.	K04564  , K04565 , K04569 , K03781 , K03782 , K24119 , K03387 , K04761 , K13639   , K13631  , K00383 , K01919  , K03671 , K00384 , K03672  , K10563 , K03575 , K03553 , K04047 , K03594 , K02217 , K03674  , K03675 , K03676 , K07304   , K07305 , K04063  , K11065  , K03564    , K00036 , K00033 , K00324 , K00325 , K19824   , K04487 , K05997  , K09014   , K09013 , K09015  , K11717       , K02426  , K03087 , K03711   , K13643 , K01338 , K04043 , K05919  , K01759  , K00799  , K01069   , K10773  , K10567   , K03574 , K01151  , K03584 , K01142 , K09825  , K23775  , K04084  , K01920
