name	gene_ids	rule	module	group	notes
chitinase degradation	k01207, k01183, k03791	k01183 | k03791 | k01207	carbon processing	big carbon	presence of chitin degrading enzymes
cellulose	gh94, gh1, gh2, gh3, gh5, gh9, gh16, gh116, gh6, gh8, gh10, gh124, gh12, gh44, gh45, gh7, gh48, aa10, aa15, aa16, aa9, aa11, aa13	[gh5 | gh8 | gh9 | gh10 | gh12 | gh44 | gh45 | gh124] & [gh6 | gh7 | gh48] & [gh1 | gh3 | gh94 | gh116]	carbon processing	big carbon	a genome is capable of cellulose degradation if it encodes at least one endo-acting cellulase, one exo-acting cellobiohydrolase, and one β-glucosidase. lpmos (aa9, aa10, aa16) provide an oxidative bonus that enhances but is not essential for cellulose degradation.
hemicellulose	gh113, gh134, gh26, gh5, gh130, ce2, ce17, gh2, gh99, gh76, gh92, gh38, gh63, gh47, gh125, gh9, gh12, gh16, gh44, gh45, gh48, gh74, aa9, gh31, gh43, gh10, gh11, gh51, ce1, ce4	[gh5 | gh9 | gh10 | gh11 | gh12 | gh16 | gh26 | gh44 | gh45 | gh74 | gh113 | gh134] & [gh2 | gh31 | gh38 | gh43 | gh51 | gh63 | gh92 | gh125 | gh130 | ce1 | ce2 | ce4 | ce17]	carbon processing	big carbon	for a genome to have hemicellulose degradation capability, it should encode: at least one backbone hydrolase, one side-chain/esterase, and optionally an lpmo for enhanced activity.
lignin	aa1, mco, aa2, dyp, aa3_2, aa5_1, aa8, aa3_1	[aa1 | mco | aa2 | dyp] & [aa3_1 | aa3_2 | aa5_1 | aa8]	carbon processing	big carbon	for a genome to have lignin degradation capability, it should encode: at least one oxidative polymer attack enzyme (aa1, mco, aa2, dyp) and one redox support enzyme (aa3_1, aa3_2, aa5_1, aa8) to drive oxidative depolymerization.
pectin	gh28, pl1, pl2, pl3, pl4, pl9, pl10, pl11, pl22, pl26, gh78, gh106, gh138, gh139, gh143, ce8, gh105, gh4, ce12, gh2	[gh28 | pl1 | pl2 | pl3 | pl4 | pl9 | pl10 | pl11 | pl22 | pl26] & [gh78 | gh106 | gh105 | gh4 | gh2 | gh138 | gh139 | gh143] & [ce8 | ce12]	carbon processing	big carbon	for a genome to have pectin degradation capability, it should encode: at least one backbone-cleaving hydrolase or lyase, one debranching or accessory enzyme, and one esterase for de-methylation or de-acetylation.
starch	aa13, gh13, gh14, gh15, gh57, gh97, gh119, gh126, gh133	gh13 | gh14 | gh15 | gh57 | gh97 | gh119 | gh126 | gh133	carbon processing	big carbon	for a genome to have starch degradation capability, it should encode: at least one amylolytic hydrolase (gh13, gh14, gh15, gh57, gh97, gh119, gh126, gh133) and optionally an lpmo (aa13) for oxidative enhancement.
anaerobic aromatic hydrocarbon degradation	k07540, k04114	k07540 | k04114	carbon processing	big carbon	for a genome to have anaerobic aromatic hydrocarbon degradation capability, it should encode at least one anaerobic aromatic activation enzyme: benzylsuccinate synthase (bssabc, k07540) for toluene via fumarate addition, or  benzoyl-coa reductase (bama, k04114) for benzoyl-coa reductive dearomatization. presence of both indicates likely capacity for anaerobic degradation of aromatic hydrocarbons in marine sediments. 
acetate (scfa)	k00625, k00925, k01905, k01067	[k00625 & k00925] | k01905 | k01067	carbon processing	medium carbon	acetate production can occur via the phosphate acetyltransferase–acetate kinase route (k00625 and k00925, both required) or alternative ligase (k01905) or hydrolase (k01067) pathways. either route yields acetate from acetyl-coa.
butyrate (scfa)	k00634, k00929, k01896	k00634 & [k00929 | k01896]	carbon processing	medium carbon	butyrate formation proceeds via phosphate butyryltransferase (k00634) coupled with either butyrate kinase (k00929) or medium-chain acyl-coa synthetase (k01896). both steps are required for full conversion.
lactate (scfa)	k00016, k00101, k03778, k03777	k00016 | k00101 | k03778 | k03777	carbon processing	medium carbon	lactate formation can occur through l-lactate dehydrogenases (k00016, k00101) or d-lactate variants (k03778, k03777). presence of any indicates capacity for pyruvate reduction to lactate.
propionate (scfa)	k19697, k01026	k19697 & k01026	carbon processing	medium carbon	propionate formation requires both propionate kinase (k19697) and propionate coa-transferase (k01026) for coa-dependent conversion of intermediates to propionate.
pyruvate (scfa)	k00163, k00174, k00656	k00163 | k00174 | k00656	carbon processing	medium carbon	pyruvate conversion to acetyl-coa occurs via one of three enzyme complexes: pyruvate dehydrogenase (k00163), 2-oxoacid ferredoxin oxidoreductase (k00174), or formate-acetyltransferase (k00656). presence of any indicates potential for acetyl-coa formation.
arabinose		k01804 | k00011 | k26066 | k13873 | k19660 | k12446	carbon processing	medium carbon	
fructose		k00008 | k00045 | k27924 | k00007 | k00844 | k00847 | k01805 | k00846 | k27475 | k02768 | k02769 | k02770 | k02771 | k11194 | k11195 | k11196	carbon processing	medium carbon	
fucose		k00879 | k01628 | k01818	carbon processing	medium carbon	
galactose		k00849 | k00965 | k01784 | k01785	carbon processing	medium carbon	
mannose		k01809 | k02793 | k02794 | k02795 | k02796	carbon processing	medium carbon	
rhamnose		k01813 | k01820 | k18337	carbon processing	medium carbon	
sucrose		k01182 | k01203 | k12047 | k01187 | k12316 | k12317 | k06617 | k01193 | k00695 | k02810 | k00690 | k05341 | k00689 | k00692	carbon processing	medium carbon	
xylose		k00854 | k01805 | k00008 | k00011 | k05351 | k17743 | k00078 | k14273 | k14274 | k14275	carbon processing	medium carbon	
alcohol	k00001, k00121, k04072, k13951, k13952, k13953, k13954, k13980, k18857	k00001 | k00121 | k04072 | k13951 | k13952 | k13953 | k13954 | k13980 | k18857	carbon processing	medium carbon	for a genome to have alcohol conversion capability, it should encode: at least one alcohol dehydrogenase or related enzyme involved in ethanol and higher-alcohol interconversion.
fatty acid degradation β-oxidation 	k06445, k00249, k00255, k09479, k13767, k01825, k00632	[k06445 | k00249 | k00255 | k09479] & [k13767 | k01825] & k00632	carbon processing	medium carbon	for a genome to have fatty acid degradation capability via β-oxidation, it should encode at least one acyl-coa dehydrogenase (fade,k06445,k00249,k00255,k09479), one enoyl-coa hydratase (fadb,k13767,k01825), and thiolase (fada,k00632) completing one full β-oxidation cycle. 
aerobic ch4 oxidation	k16157, k16158, k16159, k16160, k16161, k16162, k10944, k10945, k10946	[k10944 & k10945 & k10946] | [k16157 & k16158 & k16159 & k16160 & k16161 & k16162]	carbon processing	little carbon	for a genome to have ch₄ oxidation capability, it must encode at least one methane monooxygenase complex (pmmo or smmo), which catalyzes the conversion of methane to methanol. 
alkane tranformation (archaeal)	k00399, k00401, k00402, k00421, k00422	k00399 & k00401 & k00402 & k00421 & k00422	carbon processing	little carbon	for a genome to have anaerobic alkane transformation capability, it should encode for a methyl-com reductase catalytic subunit (mcra, k00399). encoding for other subunits (mcrabcdg, k00399,k00401,k00402,k00421,k00422) is detected. this annotation will identify canonical mcr and divergent mcr or mcr-like sequences mapping to the same ko, performing an mcra phylogeny is recommended. presence of an mcr without phylogenetic placement can suggest multiple different metabolisms falling under anaerobic alkane transformation capability (various forms of methanogenesis, reverse methanogenesis, anaerobic alkane degradation). 
co2 fixation	k00192, k00195, k00193, k00197, k00194	k00192 & k00193 & k00194 & k00195 & k00197	carbon processing	c fixation	for a genome to have co₂ fixation capability via the acetyl-coa pathway, it should encode: the complete codh/acs complex (cdha, cdhb, cdhc, cdhd, and cdhe subunits), which together catalyze co₂ reduction to acetyl-coa. this is distinct from the wood-ljungdahl pathway row which additionally requires (eastern) methyl branch genes.
wood-ljungdahl pathway	k00198, k14138, k00192, k00195, k00193, k00194, k00197, k01938, k05299	[k00198 | [k00192 & k00193 & k00194 & k00195 & k00197]] & [k14138 | k01938 | k05299]	carbon processing	c fixation	for a genome to have wood-ljungdahl co2 fixation capability, it should encode the complete western brnach codh/acs complex for either the bacterial (k00198, k14138) or archaeal (k00192, k00195, k00193, k00194, k00197) and have at least one eastern/methyl branch entry point (fdha k01938 or fhs k05299). presence of both branches indicates full reductive acetyl-coa synthesis from co2 molecules. 
3-hydroxypropionate/4-hydroxybutyrate (3hp/4hb) cycle	k14534, k15017, k18603, k18604, k18605, k15039, k18602	k14534 & [k15017 | k18603 | k18604 | k18605] & [k15039 & k18602]	carbon processing	c fixation	for a genome to have 3hp/4hb co₂ fixation capability, it should encode all of the 3 following genes - 1) k14534, 2) either malonyl-coa reductase or acetyl-coa carboxylase (k15017, or k18603-5, respectively) 3) either k15039 and k18602) .presence of all three modules indicates complete autotrophic co₂ fixation via the 3hp/4hb cycle, something previously characteristic of crenarchaeota in marine sediments.
calvin-benson-bassham (cbb) cycle	k01601, k00855, k01783	k01601 & k00855 & k01783	carbon processing	c fixation	for a genome to have cbb cycle co₂ fixation capability it should encode ribulose-bisphosphate carboxylase large chain (rbcl, k01601), phosphoribulokinase (prk, k00855), and one ribulose-phosphate 3-epimerase (rpe, k01783) to differentiate the cbb cycle from the rhp metabolic pathway. 
reductive glycine pathway	k00283, k00282, k02437, k00605, k10671, k10672, k00384, k21577, k21576, k03671, k10670	at_least(3, presence, [k00283, k00282, k02437, k00605]) & at_least(5, presence, [k10671, k10672, k00384, k21577, k21576, k03671, k10670])	carbon processing	c fixation	for a genome to have reductive glycine pathway co₂ fixation capabilit, it should encode at least 3 proteins/subunuts of the glycine cleavage system (k00283, k00282, k02437, and k00605) and at least 5 of the glycine reductase  (k10671, k10672, k00384, k21577, k21576, k03671, and k10670). 
rtca cycle	k15233, k15232, k15234	k15233 | k15232	carbon processing	c fixation	for a genome to have reductive tca cycle it should encode either 1 atp-citrate lyase (k15233 or k15232) or citryl-coa synthetase+citryl-coa lyase (k15233 or k15232, and k15234). 
rump pathway (non-methanogenic methylotrophy type i)	k08093, k13831, k13812, k08094, k00093, k23995, k17066, k14028, k14029	[k08093 | k13831 | k13812] & k08094 & [k00093 | k23995 | k17066 | k14028 | k14029]	carbon processing	non-methanogenic methylotrophy	for a genome to have rump pathway methylotrophy capability it should encode hps (k08093,k13831,k13812) and phi (k08094) a methanol dehydrogenase (mdh, k00093,k23995,k17066,k14028,k14029) and at least one  together these suggest capacity to convert methanol and formaledehyde into usable fructose 6-phosphate. 
serine pathway (non-methanogenic methylotrophy type ii)	k00830, k00018, k08691, k00600	k00830 & k00018 & k08691	carbon processing	non-methanogenic methylotrophy	for a genome to have serine pathway methylotrophy capability it should encode serine-glyoxylate transaminase (sgt, k00830), hydroxypyruvate reductase (hpr, k00018), and malyl-coa lyase (mcl, k08691). additional encoding of serine hydroxymethyltransferase (shmt, k00600) further supports likelihood of having this pathway. 
hydrogenotrophic methanogenesis	k00399, k00401, k00402, k00200, k00201, k00202, k00203, k00204, k00205, k00672, k01499, k00319, k13942, k00320, k00577, k00578, k00579, k00580, k00581, k00584	[k00399 & k00401 & k00402] & [k00577 & k00578 & k00579 & k00580 & k00581 & k00584] & at_least(2, presence, [k00672, k01499, k00319 | k13942, k00320]) & [k00200 | k00201 | k00202 | k00203 | k00204 | k00205]	carbon processing	methanogenesis	"for a genome to have hydrogenotrophic methanogenesis capability it should encode the mcr complex (mcrabg, k00399+k00401+k00402), the mtr complex core subunits (mtra-e+h, k00577-k00581+k00584; mtrf/g omitted due to less consistent annotations), at least 2 of the 4 upper c1 pathway steps (ftr-k00672, mch-k01499, mtd-k00319 or hmd-k13942, mer-k00320), and at least one fwd/fmd subunit (k00200-k00205). this combination distinguishes hydrogenotrophic methanogens from obligate methylotrophic lineages (which lack mtr) and from aceticlastic methanogens (which lack the upper c1 pathway). anme archaea encode the same genes in reverse so performing an mcra phylogeny is highly recommended to confirm methanogenesis direction. methylotrophs that also do hydrogenotrophic methanogenesis e.g. canonical methanosarcinales) will present as matched to this row and ""methylotrophic and aceticlastic methanogenesis"". distinguishing between methanogenesis pathways via gene presence/absence is not recommended for genomes less than 90% complete. "
methylotrophic and aceticlastic methanogenesis	k00399, k00401, k00402, k04480, k14080, k14081, k14082, k16176, k16177, k16178, k16179, k14083, k14084, k16954, k16955, k00925, k00625, k01895, k00193, k00197, k00194	[k00399 & k00401 & k00402] & [[k04480 | k14080 | k14081] | [k14082 | k16176 | k16177 | k16178 | k16179 | k14083 | k14084] | [k16954 | k16955] | [[[k00925 & k00625] | k01895] & [k00193 & k00197 & k00194]]]	carbon processing	methanogenesis	for a genome to have methylotrophic or aceticlastic methanogenesis capability it should encode the mcr complex (mcrabg, k00399+k00401+k00402) plus at least one substrate-specific entry point. i.e. methanol, methylamines, methylated sulfur, or acetate . for methanol potential enzymes are mtab (k04480), mtaa (k14080), or mtac (k14081); for methylamines potential enzymes are mtba (k14082), mtmb/monomethylamine methyltransferase (k16176), mtmc/monomethylamine corrinoid protein (k16177), mtbb/dimethylamine methyltransferase (k16178), mtbc/dimethylamine corrinoid protein (k16179), mttb/trimethylamine methyltransferase (k14083), or mttc/trimethylamine corrinoid protein (k14084); for methylated sulfur potential enzymes are mtsa (k16954) or mtsb (k16955); for acetate, enzymes are acka+pta (k00925+k00625) or acs (k01895), combined with codh/acs core subunits cdhc+cdhe+cdhd (k00193+k00197+k00194). here, aceticlastic methanogenesis overlaps with co2 fixation and wood-ljungdahl rows, but is distinguished with the presence of the mcr complex. performing an mcra phylogeny is recommended to distinguish between methanogenesis and anaerobic methanotrophy. distinguishing between methanogenesis pathways via gene presence/absence is not recommended for genomes less than 90% complete. 
n2o to n2	k00376	k00376	inorganic nitrogen transformation	n reduction	the reduction of nitrous oxide (n₂o) to dinitrogen gas (n₂) is catalyzed by nitrous oxide reductase (nosz, k00376). presence of this gene indicates the potential for the final step of denitrification, converting n₂o into n₂.
no3 to no2	k00370, k00371, k00374, k02567, k02568	[k00370 & k00371] | [k02567 & k02568]	inorganic nitrogen transformation	n reduction	nitrate reduction to nitrite can occur through either the membrane-bound nar system (k00370 and k00371, both required) or the periplasmic nap system (k02567 and k02568, both required). either system completes the nitrate transformation step.
dnra, no3 to nh4	k00370, k00371, k00374, k02567, k02568, k00362, k00363, k03385, k15876	[[k00370 & k00371] | [k02567 & k02568]] & [[k00362 & k00363] | [k03385 & k15876]]	inorganic nitrogen transformation	n reduction	dnra reduces nitrate to ammonium through a two-step process: nitrate reduction via nar or nap systems, followed by nitrite reduction via nrf or nir enzymes. presence of one nitrate reductase system and one nitrite reductase system indicates dnra capability.
no2 to no	k00368, k15864	k00368 | k15864	inorganic nitrogen transformation	n reduction	nitrite reduction to nitric oxide (no) is carried out by either nirs (k00368) or nirk (k15864). presence of either gene indicates capacity for nitrate/nitrite reduction in denitrification.
no to n2o	k02305, k04561, k15877	k04561 | k15877	inorganic nitrogen transformation	n reduction	the conversion of nitric oxide (no) to nitrous oxide (n₂o) is catalyzed by nitric oxide reductase, encoded by norb (k04561) in bacteria or cyp55 (k15877) in fungi. presence of either gene indicates the capacity to perform this denitrification step
assimilatory nitrate reduction	k00367, k10534, k00372, k00360, k17877, k00366, k26139, k26138, k00361, k02575	[[k00367 | k10534 | [k00372 & k00360]] & [k00366 | k17877 | [k26138 & k26139] | k00361]] | k02575	inorganic nitrogen transformation	n reduction	assimilatory nitrate reduction = nitrate → nitrite via narb or nr or nasab, and nitrite → ammonium via ferredoxin nira, nad(p)h forms, or the k26138/k26139 pair. presence of one option from each step indicates pathway capability.
no2 to no3	k00370, k00371	k00370 & k00371	inorganic nitrogen transformation	nitrification	aerobic nitrate oxidation (nitrite oxidation) is the second step of nitrification, where nitrite is oxidized to nitrate by the nxr complex (nxrab) under oxic conditions, completing the conversion of reduced nitrogen to its most oxidized form.
aerobic ammonium oxidation	k28504, k10945, k10946, k10535	[k28504 | k10945 | k10946] & k10535	inorganic nitrogen transformation	nitrification	aerobic ammonium oxidation converts ammonia to nitrite through sequential reactions catalyzed by ammonia monooxygenase and hydroxylamine oxidoreductase. presence of one ammonia monooxygenase subunit set and hydroxylamine oxidoreductase indicates this capability.
anaerobic ammonium	k00368, k15864, k20932, k20933, k20934, k20935	[k00368 | k15864] & [k20932 & k20933 & k20934] & k20935	inorganic nitrogen transformation	nitrification	anammox requires nitrite → no (nirk or nirs), hydrazine synthesis via hzs (hzsa/b/c), and hydrazine oxidation to n₂ by hdh.
n2 fixation	k00531, k02586, k02588, k02591, k22896, k22897, k22898, k22899	[k00531 & k02586 & k02588 & k02591] | [k22896 & k22897 & k22898 & k22899]	inorganic nitrogen transformation	nitrification	nitrogen fixation converts atmospheric n₂ to ammonium through the nitrogenase enzyme complex. functional capacity is indicated by the presence of all subunits for either the mo-nitrogenase (nif) or the v-nitrogenase (vnf) system, as either complete complex can catalyze n₂ reduction.
assimilation	k00261, k01915, k00982, k00266, k19338, k01914, k01953, k01916, k01956, k01955, k03320	[[k01915 & k00266] | k00261] | [k01955 & k01956]	inorganic nitrogen transformation	box 9	presence of ammonium assimilation genes indicates microbial potential to incorporate inorganic ammonium (nh₄⁺) into organic nitrogen compounds such as glutamate, glutamine, and asparagine. this process reflects nitrogen retention within biomass rather than oxidative or mineralization pathways, contributing to overall ecosystem nitrogen conservation.
ammonium transformation	k28504, k10944, k10945, k10946, k10535	[k28504 | k10944 | k10945 | k10946] & k10535	inorganic nitrogen transformation	primary n transformation	ammonium oxidation (nh₃ to no₂⁻) requires both ammonia monooxygenase (any of k28504, k10944, k10945, or k10946) and hydroxylamine oxidoreductase (k10535). presence of both indicates this process. note: k10944/k10945/k10946 are shared with the aerobic ch4 oxidation row and the presence of k10535 is the distinguishing marker confirming ammonium oxidation.
nitrate transformation	k00370, k00371, k00374, k02567, k02568, k00368, k15864	[[k00370 & k00371] | [k02567 & k02568]] & [k00368 | k15864]	inorganic nitrogen transformation	primary n transformation	nitrate transformation represents the combined capacity for nitrate (no₃⁻) reduction to nitrite (no₂⁻) and subsequent nitrite reduction to nitric oxide (no). it integrates both the nar/nap (nitrate reductase) and nir (nitrite reductase) steps, capturing the overall microbial potential to transform nitrate into reduced nitrogen intermediates.
urea transformation	k01428, k01429, k01430	k01428 & k01429 & k01430	organic nitrogen transformation	primary n transformation	urea hydrolysis requires the full urease enzyme complex, composed of subunits urea (k01430), ureb (k01429), and urec (k01428). all three genes are needed to complete urea transformation to ammonium and co₂.
chitinase degradation	k01207, k01183, k03791	k01183 | k03791 | k01207	organic nitrogen transformation	mineralization	presence of chitin degrading enzymes
amidase	k01426	k01426	organic nitrogen transformation	mineralization	presence of amidase enzyme
extracellular asparagine peptidases	n04, n10, n11	n04 | n10 | n11	organic nitrogen transformation	mineralization	presence of any extracellular asparagine peptidase
extracellular aspartic peptidases	a01, a02, a05, a08, a11, a22, a24, a26, a28, a31, a32, a37	a01 | a02 | a05 | a08 | a11 | a22 | a24 | a26 | a28 | a31 | a32 | a37	organic nitrogen transformation	mineralization	presence of any extracellular aspartic peptidase
extracellular cysteine peptidases	c01, c02, c10, c11, c110, c113, c13, c14, c15, c19, c25, c26, c39, c40, c44, c45, c46, c47, c51, c56, c59, c60, c66, c69, c82, c83, c89, c93	c01 | c02 | c10 | c11 | c110 | c113 | c13 | c14 | c15 | c19 | c25 | c26 | c39 | c40 | c44 | c45 | c46 | c47 | c51 | c56 | c59 | c60 | c66 | c69 | c82 | c83 | c89 | c93	organic nitrogen transformation	mineralization	presence of any extracellular cysteine peptidase
extracellular glutamic peptidases	g01	g01	organic nitrogen transformation	mineralization	presence of any extracellular glutamic peptidase
extracellular metallo peptidases	m01, m02, m03, m04, m05, m06, m07, m08, m09, m10, m11, m12, m13, m14, m15, m16, m17, m18, m19, m20, m23, m24, m26, m28, m30, m32, m34, m35, m36, m38, m41, m42, m43, m44, m48, m49, m50, m54, m55, m56, m57, m60, m61, m64, m66, m67, m72, m73, m74, m75, m76, m78, m79, m81, m82, m84, m85, m86, m88, m93, m96, m97, m98	m01 | m02 | m03 | m04 | m05 | m06 | m07 | m08 | m09 | m10 | m11 | m12 | m13 | m14 | m15 | m16 | m17 | m18 | m19 | m20 | m23 | m24 | m26 | m28 | m30 | m32 | m34 | m35 | m36 | m38 | m41 | m42 | m43 | m44 | m48 | m49 | m50 | m54 | m55 | m56 | m57 | m60 | m61 | m64 | m66 | m67 | m72 | m73 | m74 | m75 | m76 | m78 | m79 | m81 | m82 | m84 | m85 | m86 | m88 | m93 | m96 | m97 | m98	organic nitrogen transformation	mineralization	presence of any extracellular metallo peptidase
extracellular serine peptidases	s01, s06, s08, s09, s10, s11, s12, s13, s14, s15, s16, s24, s26, s28, s33, s37, s41, s45, s46, s49, s50, s51, s53, s54, s55, s59, s60, s66, s73	s01 | s06 | s08 | s09 | s10 | s11 | s12 | s13 | s14 | s15 | s16 | s24 | s26 | s28 | s33 | s37 | s41 | s45 | s46 | s49 | s50 | s51 | s53 | s54 | s55 | s59 | s60 | s66 | s73	organic nitrogen transformation	mineralization	presence of any extracellular serine peptidase
extracellular threonine peptidases	t01, t02, t03, t05, t07	t01 | t02 | t03 | t05 | t07	organic nitrogen transformation	mineralization	presence of any extracellular threonine peptidase
formamidase	k01455	k01455	organic nitrogen transformation	mineralization	presence of formamidase enzyme
mixed peptidases	p01	p01	organic nitrogen transformation	mineralization	presence of any extracellular mixed peptidase
unknown peptidases	u32, u62, u69, u72, u73, u74	u32 | u62 | u69 | u72 | u73 | u74	organic nitrogen transformation	mineralization	presence of any extracellular unknown catalytic type peptidase
assimilatory sulfate reduction to sulfide 	k00958, k00955, k00957, k00956, k05907, k00860, k00390, k00381, k00380, k00392	[k00958 | [[k00955 | k00956] & k00957]] & [k05907 | [[k00955 | k00860] & k00390]] & [k00381 | k00380 | k00392]	sulfur cycling	inorganic sulfur transformation	for a genome to have assimilatory sulfate reduction metabolism it should encode a sulfate adenylyltransferase (sat-k00958, or cysnd-(k00955+k00957 or k00956+k00957)), apr reductase (k05907) or cysc+cysh (k00955 or k00860 + k00390), and cysi, cysj, or sir for final reduction of sulfite to sulfide (k00381,k00380, or k00392). presence of these genes indicates capacity to assimilate inorganic sulfate into organic biomass. 
dissimilatory oxi/red sulfate to sulfite	k00958, k00394, k00395	k00958 & k00394 & k00395	sulfur cycling	inorganic sulfur transformation	for a genome to have dissimilatory reduction or oxidation capability between sulfate and sulfite it should encode sulfate adenylyltransferase (sat, k00958) and adenylylsulfate reductase (aprab, k00394+k00395) for redox transitions between sulfite and sulfide. 
dissimilatory oxi/red sulfite to sulfide 	k11180, k11181, k00385	[k11180 & k11181] | k00385	sulfur cycling	inorganic sulfur transformation	for a genome to have dissimilatory reduction or oxidation capability between sulfite and sulfide it should encode dissimilatory sulfite reductase subunits (dsra and dsrb, k11180 and k11181) or the asrc sulfite reductase (k00385). presence of asrc rather than dsrab suggests anaerobic sulfite reduction without possibility for oxidative capacity. with the presence of dsrab it's recommended to investigate the dsrab operon and phylogenies of the dsra and dsrb placement is recommended for confirmation of reduction/oxidation capacity. 
elemental sulfur reduction	k17219, k17220, k17221	k17219 & k17220 & k17221	sulfur cycling	inorganic sulfur transformation	for a genome to have elemental sulfur reduction capability, it should encode: the sulfur reductase complex (srea-k17219, sreb-k17220, srec-k17221). presence indicates capacity to use elemental sulfur (s⁰) as a terminal electron acceptor under anaerobic conditions.
thiosulfate reduction	k08352, k08353, k08354, k11180, k11181, k00385	k08352 & [[k11180 & k11181] | k00385]	sulfur cycling	inorganic sulfur transformation	for a genome to have thiosulfate reduction capability it should encode phsa-k08352 (extra confirmation comes from presence of phsb+c,k08353+k08354) alongside catalytic subunits dsrab (k11180 and k11181) or asrc (k00385) for final reduction to sulfide. the homology of phsabc genes should be investigated to determine substrate (i.e. thiosulfate vs polysulfide) specificity, distinguishing between phsabc and psrabc. 
dms/dmsp cycling	k28073, k16953, k28067, k28068, k28069, k28072, k17486, k20034, k20035, k20036, k16967, k16964, k18277, k07306, k07307, k00184, k07308, k00185, k07811	k28073 | k16953 | k28067 | k28068 | k28069 | k28072 | k17486 | [k20034 & k20035 & k20036] | k16967 | k16964 | k18277 | [k07306 & [k07307 | k00184] & [k07308 | k00185]] | k07811	sulfur cycling	organic sulfur transformation	for a genome to have organosulfur cycling capacity it should encode ≥1 enzyme for transforimg at least one of the following substrates: dmsp,dms,dmso,methanethiol,dmsop,mmpa . key enzymes and their substrates include: dmsp lyases (dddd-k28073, dddl-k16953, dddp-k28067, dddw-k28068, dddy-k28069, dddx-k28072) producing dms from dmsp. dmsp demethylase (dmda-k17486) producing mmpa from dmsp. mmpa demethylation enzymes,dmdbcd (k20034+k20035+k20036), producing methanethiol from mmpa. dms monooxygenase (dmoa-k16967) producing methanethiol from dms. dms dehydrogenase (ddha-k16964) or trimethylamine monooxygenase (tmm-k18277) oxidizing dms to dmso. dmso reductase complex, dmsabc (k07306 +k07307 or k00184 +k07308 or k00185), or trimethylamine n-oxide reductase (tora-k07811) reducing dmso back to dms. 
[fefe] group_a hydrogenase	fefe_group_a_hydrogenase	hmm@fefe_group_a_hydrogenase	energy metabolism	[fefe] hydrogenases	presence of [fefe] group_a hydrogenase
[fefe] group_b hydrogenase	fefe_group_b_hydrogenase	hmm@fefe_group_b_hydrogenase	energy metabolism	[fefe] hydrogenases	presence of [fefe] group_b hydrogenase
[fefe] group_c hydrogenase	fefe_group_c_hydrogenase	hmm@fefe_group_c_hydrogenase	energy metabolism	[fefe] hydrogenases	presence of [fefe] group_c hydrogenase
[fefe] group_e hydrogenase	fefe_group_e_hydrogenase	hmm@fefe_group_e_hydrogenase	energy metabolism	[fefe] hydrogenases	presence of [fefe] group_e hydrogenase
[fefe] group_f hydrogenase	fefe_group_f_hydrogenase	hmm@fefe_group_f_hydrogenase	energy metabolism	[fefe] hydrogenases	presence of [fefe] group_f hydrogenase
[nife] group_1 hydrogenase	nife_group_1_hydrogenase	hmm@nife_group_1_hydrogenase	energy metabolism	[nife] hydrogenases	presence of [nife] group_1 hydrogenase
[nife] group_2 hydrogenase	nife_group_2_hydrogenase	hmm@nife_group_2_hydrogenase	energy metabolism	[nife] hydrogenases	presence of [nife] group_2 hydrogenase
[nife] group_3 hydrogenase	nife_group_3_hydrogenase	hmm@nife_group_3_hydrogenase	energy metabolism	[nife] hydrogenases	presence of [nife] group_3 hydrogenase
[nife] group_4 hydrogenase	nife_group_4_hydrogenase	hmm@nife_group_4_hydrogenase	energy metabolism	[nife] hydrogenases	presence of [nife] group_4 hydrogenase
arsenic	k07755, k08356, k08355, k00537, k03741, k11811, k03892, k03325, k01551, k03893, arsd, aior-aoxr, aios-aoxs	k07755 | k08356 | k08355 | k00537 | k03741 | k11811 | k03892 | k03325 | k01551 | k03893 | hmm@arsd | hmm@aior-aoxr | hmm@aios-aoxs	heavy metal tolerance	box 16	presence of arsenic resistance, oxidation, reduction, methylation, and efflux genes (ars, aio) indicates microbial potential for arsenic detoxification and transformation. includes oxidation (aioa/b), reduction (arsc), methylation (arsm), efflux (arsa/b/d), and regulation (arsr, aior/s).
cadmium	k21903, k21885, k07665, k07644, k02483, k22043, k03088, k24079, k24078, cadd, k15726, k15727, k15725, cznb, k21133, dmef, k08970, k16264, k01534	k21903 | k21885 | k07665 | k07644 | k02483 | k22043 | k03088 | k24079 | k24078 | hmm@cadd | k15726 | k15727 | k15725 | hmm@cznb | k21133 | hmm@dmef | k08970 | k16264 | k01534	heavy metal tolerance	box 16	presence of cadmium-associated resistance, regulation, and efflux genes indicates microbial potential for detoxification of cd²⁺ via efflux pumps (czc, czn, zitb, znta), transcriptional control (cadx, cmtr, czra, cusr/s), and sequestration or transport (cadd, dmef, cnr system), contributing to cadmium tolerance.
cobalt	k07644, k02483, ncrb, ncry, k23240, k24073, k24079, k06042, k03088, k24078, k03585, k18138, k18139, cnrt, k03284, corb, k06189, k12951, k15726, k15727, k15725, dmef, dmer, k07785, k08970, k23243, k16264, k01534	k07644 | k02483 | hmm@ncrb | hmm@ncry | k23240 | k24073 | k24079 | k06042 | k03088 | k24078 | k03585 | k18138 | k18139 | hmm@cnrt | k03284 | hmm@corb | k06189 | k12951 | k15726 | k15727 | k15725 | hmm@dmef | hmm@dmer | k07785 | k08970 | k23243 | k16264 | k01534	heavy metal tolerance	box 16	presence of cobalt resistance and transport genes indicates microbial capacity for co²⁺ detoxification, efflux, and regulation. includes transcriptional regulators (ncr, cnr, rcn), efflux systems (czc, dme, zitb, znta), transporters (cora/b/c, ctpd), and multi-component resistance operons (cme, cus, dmerf), enabling microbial adaptation to cobalt-rich or contaminated environments.
magnesium	k06042, k03284, corb, k06189, k01531, k06213	k06042 | k03284 | hmm@corb | k06189 | k01531 | k06213	heavy metal tolerance	box 16	presence of magnesium homeostasis and transport genes indicates microbial capacity for mg²⁺ uptake, export, and regulation. includes primary transporters (cora, mgta, corb/c), p-type atpases for active transport, and regulatory proteins involved in maintaining cytoplasmic mg²⁺ balance under metal or osmotic stress conditions.
manganese	k11924, k12950, k11707, k03322, k23242, k11604, k11607, k11605, k11606	k11924 | k12950 | k11707 | k03322 | k23242 | k11604 | k11607 | k11605 | k11606	heavy metal tolerance	box 16	presence of manganese transport and regulatory genes indicates microbial capacity for mn²⁺ uptake, efflux, and homeostasis. includes import systems (mnth, mnta, yfeabcd), p-type atpases (ctpc), efflux channels (mntp), and regulatory proteins (mntr) that maintain intracellular mn²⁺ balance, protect against oxidative stress, and support metalloenzyme function.
mercury	k00221, k00520, k19057, k08365, k19058, k19059, k08364, k08363	k00221 | k00520 | k19057 | k08365 | k19058 | k19059 | k08364 | k08363	heavy metal tolerance	box 16	presence of mercury resistance (mer) operon genes indicates microbial capacity for detoxification of inorganic and organic mercury compounds. includes transport and binding proteins (merc, mere, merf, merp, mert), regulatory components (merr, merd), and enzymes mediating reduction (mera) and cleavage of organomercurials (merb), collectively conferring hg²⁺ and methylmercury resistance.
nickel	ncrb, ncry, k07722, k11328, k23240, k24073, k24079, k03088, k11330, k24078, cnrt, k12951, k15726, k15727, k15725, cznb, dmef, dmer, hupe, k01552, k15584, k15585, k15586, k15587, k10824, k07241, k11326, k07785, k08970, k23243	hmm@ncrb | hmm@ncry | k07722 | k11328 | k23240 | k24073 | k24079 | k03088 | k11330 | k24078 | hmm@cnrt | k12951 | k15726 | k15727 | k15725 | hmm@cznb | hmm@dmef | hmm@dmer | hmm@hupe | k01552 | k15584 | k15585 | k15586 | k15587 | k10824 | k07241 | k11326 | k07785 | k08970 | k23243	heavy metal tolerance	box 16	presence of nickel transport, efflux, and regulatory genes indicates microbial capacity for ni²⁺ acquisition, homeostasis, and detoxification. includes uptake systems (nikabcde, nixa, hupe), efflux pumps (czc, dme, cnr, nrs, rcn), cation diffusion facilitators (cnrt), and transcriptional regulators (ncr, nrs, nikr, rcnr) that maintain intracellular ni²⁺ balance and support ni-dependent metalloenzyme function under metal stress.
silver	silf, k07665, k07644, k17686, k01533, k07787, k07798, k07796, k07810, sile, k23254	hmm@silf | k07665 | k07644 | k17686 | k01533 | k07787 | k07798 | k07796 | k07810 | hmm@sile | k23254	heavy metal tolerance	box 16	presence of silver resistance and efflux genes indicates microbial capacity for ag⁺ detoxification and homeostasis. includes multi-component efflux systems (sil, cus, cop), periplasmic chaperones (silf, sile, cusf), p-type atpases (silp, copa, copb), and two-component regulatory systems (cusrs) that coordinate ag⁺ sensing, transport, and reduction to mitigate toxicity in contaminated environments.
zinc	k21904, zeva, k07803, zint-yoda, k03765, k21903, k07644, k02483, k22043, k13638, k07713, k07709, k09823, k03709, k18324, cadd, k12950, k15726, k15727, k15725, cznb, k21133, k07799, k07788, k07789, k11707, k08970, k11710, k07238, k16264, k01534, k09815, k09816, k09817, k11708, k11709	k21904 | hmm@zeva | k07803 | hmm@zint-yoda | k03765 | k21903 | k07644 | k02483 | k22043 | k13638 | k07713 | k07709 | k09823 | k03709 | k18324 | hmm@cadd | k12950 | k15726 | k15727 | k15725 | hmm@cznb | k21133 | k07799 | k07788 | k07789 | k11707 | k08970 | k11710 | k07238 | k16264 | k01534 | k09815 | k09816 | k09817 | k11708 | k11709	heavy metal tolerance	box 16	presence of zinc resistance and homeostasis genes indicates microbial capacity for zn²⁺ uptake, sequestration, and efflux. includes import systems (znuabc, zipb, trob), regulators (zur, zrar/s, zntr, cadc/x), efflux transporters (czcabc, zitb, znta), metallothioneins and chaperones (smta, zint, zeva), and multidrug efflux systems (mdtabc) that together maintain intracellular zn²⁺ balance and mitigate metal stress.
copper	k07156, k03926, k06201, k21609, k07233, pcoe, k07213, k09796, k19342, cina, k14588, cuto, k22552, copl, copy-tcry, corr, k02483, k21600, k11923, k07665, k07644, k19591, k21601, k21902, k18992, k18324, k03585, k18138, k18139, k17686, k01533, k07245, copp, crda, k12954, k12956, k07787, k07798, k07796, k07810, k03820, k06079, hpcopa, mctb, k14166, k08221	k07156 | k03926 | k06201 | k21609 | k07233 | hmm@pcoe | k07213 | k09796 | k19342 | hmm@cina | k14588 | hmm@cuto | k22552 | hmm@copl | hmm@copy-tcry | hmm@corr | k02483 | k21600 | k11923 | k07665 | k07644 | k19591 | k21601 | k21902 | k18992 | k18324 | k03585 | k18138 | k18139 | k17686 | k01533 | k07245 | hmm@copp | hmm@crda | k12954 | k12956 | k07787 | k07798 | k07796 | k07810 | k03820 | k06079 | hmm@hpcopa | hmm@mctb | k14166 | k08221	heavy metal tolerance	box 16	presence of copper resistance, homeostasis, and transport genes indicates microbial potential for cu⁺/cu²⁺ detoxification, efflux, and redox regulation. this includes p-type atpases (copa, copb, ctpg, ctpv), multicopper oxidases (cueo, mco, cuto), periplasmic binding/chaperone systems (copc/d/z, pcoe, copl, cuer), regulatory systems (cusrs, cuer, corr, copy-tcry), and rnd/multidrug efflux complexes (cuscba, cmeabc, acrd, mctb), together facilitating copper detoxification and maintaining metal homeostasis under oxidative stress.
iron	k03594, dpr-dps, dpsa, k02217, k07229, k03709, pmra, pmrb, k02012, k02011, k02010, k13283, k16088, k03322, k01552, pmrc, k06147, k11604, k11607, k11605, k11606, k07224	k03594 | hmm@dpr-dps | hmm@dpsa | k02217 | k07229 | k03709 | hmm@pmra | hmm@pmrb | k02012 | k02011 | k02010 | k13283 | k16088 | k03322 | k01552 | hmm@pmrc | k06147 | k11604 | k11607 | k11605 | k11606 | k07224	heavy metal tolerance	box 16	presence of iron storage, uptake, and efflux genes indicates microbial capacity for fe²⁺/fe³⁺ homeostasis and oxidative stress mitigation. this includes ferritin-like storage proteins (bfra, pfr, dpr-dps), fe(ii)/fe(iii) transport and reduction systems (fbpabc, yfeabcd, fpta, yqjh, efeo), efflux pumps (fief), and regulatory elements (pmra/b/c, ider). collectively these confer resistance to iron overload, oxidative damage, and contribute to redox balancing.
biofilms	k19290, k19291, k19293, k19294, k19295, k19296, k11936, k11937, k21001, k20997, k25205, k21461	k19290 | k19291 | k19293 | k19294 | k19295 | k19296 | k11936 | k11937 | k21001 | k20997 | k25205 | k21461	stress adaptations	box 17	presence of alginate, psl, or pga/ica matrix biosynthesis genes indicates microbial capacity for biofilm formation, enhancing surface adhesion and persistence in marine environments. biofilm production supports microbial community stability, particle colonization, and resistance to physical disturbance in dynamic marine systems. 
oxidative stress	k03782, k04564, k04565, k01920, k01921, k05909, k00421, k05910, k00431, k00799	k03782 | k04564 | k04565 | k01920 | k01921 | k05909 | k00421 | k05910 | k00431 | k00799	stress adaptations	box 17	presence of oxidative stress defense genes (catalases, superoxide dismutases, glutathione biosynthesis enzymes, peroxidases, or laccases) indicates microbial potential to detoxify reactive oxygen species. this is relevant in marine microbes exposed to reactive oxygen species generated by chemical or biological oxidation systems and at oxic-anoxic interfaces.
flagella	k02406, k02390, k02409, k02394, k02386, k02393, k02556, k02557, k10564, k21217, k21218, k02410, k02416	k02406 & k02390 & k02409 & [k02394 | k02386] & k02393 & [k02556 | k02557 | k10564 | k21217 | k21218] & [k02410 | k02416]	stress adaptations	box 17	for a genome to have bacterial flagella motility, it should encode flagellin (flic, k02406), hook protein (flge, k02390), m-ring membrane anchor (flif, k02409), one p-ring proteins (flgi, k02394 and flga, k02386), l-ring precursor (flgh, k02393), and at least one motor stator protein (mota-k02556, motb-k02557, motc-k10564, motd-k10564 , motx-k21217, or moty-k21218), at least one switch protein (flig-k02410 or flim-k02416). 
reductive dehalogenation	k21566, k21647	k21566 | k21647	stress adaptations	box 18	presence of reductive dehalogenases: cpra-k21566 and/or pcea-k21647
